y,x,z
4.024721489,0,-0.0410658
4.024721489,0,-0.0231974
3.994534884,0,-0.005055195
3.99453597,0,0.013360805
3.960378514,0,0.03209675
3.960383762,0,0.0511526
3.928391237,0,0.07051815
3.92839632,-0.405,0.0901934
3.860569724,-0.395,0.110559
3.860617217,0.19,0.1316145
3.837982893,-0.295,0.1529105
3.838029326,-1.395,0.174447
3.704358641,-1.465,0.197523
3.704358641,-0.92,0.222139
3.75139336,-0.485,0.2461895
3.75135078,-0.35,0.269675
3.706107,-0.615,0.2937045
3.706107,-0.26,0.3182775
3.787198155,0.78,0.3418935
3.787198155,0.84,0.3645525
3.710634386,0.265,0.388113
3.710634386,0.05,0.412575
3.611177946,-0.58,0.438316
3.611214957,-1.235,0.4653355
3.502831516,-1.5,0.493901
3.502831516,-1.255,0.524013
3.535540532,-0.75,0.5536405
3.535574846,-0.31,0.582783
3.56062697,-0.1,0.6115645
3.560662156,-0.705,0.639985
3.42657673,-1.385,0.670444
3.42657673,-1.195,0.702942
3.477322772,-0.475,0.734636
3.477322772,-0.135,0.765526
3.453522787,-0.475,0.796788
3.453491176,-0.78,0.8284225
3.431110347,-0.475,0.8604155
3.431141258,-0.21,0.892766
3.426730597,-0.265,0.9251875
3.426730597,-0.545,0.9576805
3.394331009,-0.43,0.9907085
3.394122468,0.11,1.024275
3.389664146,-0.28,1.05792
3.38936763,-0.74,1.091645
3.357850577,-0.46,1.125915
3.357850577,-0.46,1.160725
3.292791508,-1.065,1.196705
3.292791508,-1.56,1.233855
3.282081901,-1.02,1.271205
3.282348248,-0.035,1.30875
3.362168995,0.14,1.34485
3.361880519,-0.09,1.379515
3.330086754,-0.08,1.414745
3.329807386,-0.245,1.45054
3.263611719,-0.73,1.487565
3.263350315,-0.98,1.52582
3.215880316,-1.145,1.56501
3.215631095,-1.42,1.605135
3.198583122,-1.195,1.64561
3.198583122,-0.97,1.68643
3.191503878,-1.135,1.727395
3.191260658,-1.225,1.76851
3.182543896,-1.1,1.80981
3.182543896,-0.745,1.85129
3.245990117,-0.19,1.891495
3.245733279,-0.065,1.93043
3.220877828,-0.365,1.96986
3.220877828,-0.415,2.00978
3.203248569,-0.455,2.050055
3.203248569,-0.57,2.090685
3.166046211,-0.78,2.132085
3.166046211,-0.84,2.174255
3.196380747,-0.305,2.215795
3.196380747,0.64,2.256705
3.222632874,0.09,2.297085
3.222632874,-1.21,2.336935
3.11316537,-1.085,2.37909
3.112940474,-0.68,2.423555
3.180617113,-0.165,2.46657
3.180617113,0.015,2.50813
3.119483081,-0.815,2.551
3.119709453,-0.765,2.595175
3.169609584,-0.095,2.63827
3.16937163,-0.605,2.680295
3.039475197,-1.58,2.72524
3.039266276,-1.29,2.773105
3.161314714,-0.015,2.818225
3.161314714,0.1,2.860595
3.083907964,-0.86,2.90467
3.083907964,-1.375,2.95045
3.059311255,-1.07,2.9968
3.059311255,-0.49,3.04372
3.107781777,-0.39,3.08953
3.108005516,-0.305,3.134225
3.135454217,0.035,3.17831
3.135454217,-0.14,3.22179
3.083252871,-0.52,3.266435
3.083252871,-0.455,3.312245
3.101759678,-0.215,3.357635
3.101982073,0.045,3.4026
3.129949616,0.195,3.44694
3.129720914,-0.37,3.490665
3.034473102,-0.905,3.53658
3.034681024,-0.3,3.584675
3.141914784,0.475,3.63032
3.141914784,0.615,3.67352
3.123338398,0.305,3.717125
3.123111203,-0.3,3.76114
3.048711198,-0.545,3.80686
3.048711198,-0.23,3.85428
3.079766269,-0.115,3.900975
3.07954876,-0.445,3.94695
3.027635823,-0.695,3.994155
3.027635823,-0.74,4.042585
3.013285433,-0.83,4.091365
3.013081912,-1,4.1405
2.991541069,-1.045,4.190175
2.991740252,-0.765,4.24038
3.075858318,0.01,4.288555
3.076075026,0.84,4.3347
3.162495491,1.13,4.37893
3.162495491,1.13,4.42125
3.159663965,1.13,4.46363
3.159663965,1.13,4.50607
3.146555163,1.005,4.54879
3.146787748,0.54,4.591785
3.056331896,-0.065,4.63681
3.056544413,-0.605,4.683865
2.999338769,-0.73,4.7323
2.999138067,-0.165,4.782125
3.066584015,0.125,4.83033
3.066369353,-0.57,4.876915
2.980252703,-0.9,4.9256
2.980055794,-0.51,4.976385
3.009831198,-0.51,5.02643
3.009831198,-0.265,5.07573
3.062513307,0.155,5.123765
3.062513307,-0.1,5.170535
3.02372031,-0.3,5.21823
3.02372031,0.03,5.26685
3.061658424,0.19,5.314565
3.061444817,0.09,5.36138
3.068518043,0.29,5.408035
3.068518043,0.5,5.454525
3.071318261,0.35,5.50095
3.071318261,0.11,5.54731
3.044922518,0.05,5.59429
3.044922518,0.055,5.64189
3.038431028,-0.015,5.689645
3.038222325,-0.105,5.73756
3.021665656,-0.2,5.78588
3.021665656,-0.235,5.8346
3.033849596,-0.035,5.883025
3.033849596,0.3,5.931155
3.048289524,0.16,5.97894
3.048289524,-0.43,6.02638
2.995532294,-0.47,6.075105
2.995532294,0.055,6.125115
3.038639775,0.075,6.17407
3.038848565,-0.25,6.221965
3.021460422,-0.12,6.270275
3.021255231,0.185,6.31901
3.019410401,-0.135,6.367795
3.019410401,-1.07,6.416625
2.917845735,-1.34,6.468065
2.918030766,-0.7,6.52211
2.989551414,-0.465,6.574285
2.989551414,-0.635,6.624595
3.01471124,-0.14,6.67428
3.014915093,0.37,6.723335
3.025779195,0.005,6.77212
3.025985317,-0.6,6.820635
2.936520414,-1.06,6.871415
2.936708933,-1.21,6.92446
2.951906794,-0.86,6.9771
2.951906794,-0.585,7.02934
2.953631098,-0.82,7.081535
2.95382287,-1.125,7.13368
2.945609664,-0.915,7.186035
2.94541946,-0.305,7.23861
3.017568968,-0.01,7.28936
3.017773404,-0.075,7.338275
3.001348012,-0.2,7.38759
3.001549159,-0.55,7.437305
2.959207499,-0.695,7.48809
2.959400344,-0.28,7.539945
3.014507429,-0.005,7.590405
3.01471124,0.225,7.63947
3.031981406,0.23,7.68811
3.031981406,0,7.73633
3.010439902,-0.01,7.785075
3.01023696,-0.38,7.83435
2.957666073,-0.645,7.88496
2.957473561,-0.735,7.936905
2.934260951,-0.915,7.989465
2.934072893,-0.81,8.04264
2.957858621,-0.615,8.095195
2.957858621,-0.59,8.147125
2.994133552,-0.17,8.19813
2.993933892,1.18,8.248215
3.116544894,1.325,8.295415
3.116544894,-0.14,8.339725
2.938218367,-0.825,8.38836
2.938407207,-0.665,8.441315
2.974949734,-0.38,8.493315
2.97514564,-0.235,8.54436
2.974362248,-0.39,8.59542
2.974362248,-0.585,8.6465
2.951524019,-0.665,8.69817
2.951715388,-0.705,8.750425
2.953631098,-0.645,8.802625
2.95382287,-0.11,8.85477
3.025985317,0.235,8.905095
3.026191481,-0.34,8.9536
2.952098237,-0.67,9.003965
2.952289716,-0.535,9.05619
2.949421371,-0.71,9.108485
2.949612338,-0.68,9.16085
2.972015747,-0.445,9.21263
2.972211079,-0.505,9.263825
2.963458713,-0.555,9.31524
2.963458713,-0.32,9.36688
3.015526901,0.065,9.41721
3.015322923,0.145,9.466235
2.996132354,-0.18,9.51574
2.995932294,-0.605,9.565725
2.94923044,-0.76,9.61691
2.949039546,-0.43,9.669295
2.999138067,-0.16,9.720405
2.999138067,0.135,9.770235
3.051667906,0.47,9.81879
3.051667906,0.025,9.86607
2.962104093,-0.63,9.915565
2.962297497,-0.825,9.96727
2.94923044,-0.795,10.01931
2.948848688,-0.55,10.0717
2.987764104,-0.365,10.1231
2.985781943,-0.51,10.17355
2.977892355,-0.465,10.22425
2.979858924,-0.375,10.2751
2.973970782,-0.525,10.32605
2.975929646,-0.135,10.3771
3.053361386,0.415,10.4262
3.051244983,0.17,10.47345
2.96036513,-0.74,10.523
2.958436489,-1.135,10.57485
2.964233606,-0.7,10.6266
2.962297497,-0.595,10.67825
2.958436489,-0.765,10.73005
2.95651156,-0.78,10.782
2.952672784,-0.845,10.8341
2.952672784,-0.93,10.8863
2.952672784,-0.83,10.9385
2.95459033,-0.48,10.99065
2.993734271,-0.35,11.04175
2.993734271,-0.53,11.09185
2.989750202,-0.385,11.14205
2.991740252,-0.135,11.1923
3.009831198,-0.175,11.24205
3.009831198,-0.105,11.29135
3.028255465,0.055,11.3402
3.028255465,0.415,11.3886
3.087847562,0.775,11.4356
3.087847562,0.315,11.4812
2.997734276,-0.33,11.52895
2.997734276,-0.375,11.57885
2.983803703,-0.5,11.6291
2.983803703,-0.975,11.6797
2.920624801,-1.255,11.73195
2.920624801,-1.43,11.78585
2.893175685,-1.58,11.8405
2.893175685,-1.6,11.8959
2.880619466,-1.72,11.95165
2.880619466,-2.015,12.00775
2.833613424,-2.285,12.0652
2.831914188,-2.61,12.12405
2.796881415,-2.7,12.184
2.796881415,-2.37,12.245
2.810082927,-2.515,12.3056
2.811745437,-2.965,12.36575
2.775793853,-2.93,12.42695
2.774190004,-2.835,12.4893
2.741090055,-3.39,12.55275
2.739540868,-4.03,12.6173
2.683845512,-4.07,12.68375
2.682382454,-3.785,12.7521
2.713565382,-3.685,12.81945
2.715074816,-4.005,12.8857
2.663554961,-4.25,12.95365
2.663554961,-4.08,13.02335
2.701571235,-3.74,13.09175
2.70306266,-3.405,13.1588
2.733368009,-3.32,13.2248
2.73183073,-3.45,13.28985
2.706052198,-3.585,13.3558
2.706052198,-3.76,13.4226
2.682382454,-3.8,13.4902
2.680921534,-3.735,13.55865
2.695627681,-3.585,13.62665
2.694147296,-3.31,13.6942
2.724179583,-3.17,13.7608
2.724179583,-3.42,13.8264
2.652142569,-3.975,13.89445
2.650725134,-4.15,13.965
2.662121269,-3.795,14.0352
2.662121269,-3.42,14.105
2.718100537,-3.09,14.1729
2.716586532,-2.55,14.23895
2.796881415,-2.115,14.3025
2.795243413,-2.14,14.36355
2.790345444,-2.15,14.4248
2.791975436,-2.19,14.48615
2.763034509,-2.445,14.54835
2.764620553,-2.7,14.6114
2.719616837,-2.955,14.67585
2.718100537,-3.21,14.7418
2.675099101,-3.47,14.80925
2.673648774,-3.725,14.8782
2.63108916,-3.98,14.9487
2.63108916,-3.875,15.0207
2.653562016,-3.73,15.0919
2.652142569,-4.08,15.16235
2.61866664,-4.16,15.23405
2.617295838,-3.95,15.307
2.628315233,-4.03,15.3796
2.628315233,-4.33,15.4518
2.579656986,-4.6,15.5258
2.579656986,-4.56,15.6016
2.583622623,-4.55,15.67725
2.583622623,-4.99,15.75275
2.515778313,-5.36,15.8309
2.514541455,-5.2,15.91175
2.553613848,-4.905,15.9911
2.553613848,-4.775,16.0689
2.549765222,-4.945,16.14685
2.549765222,-5.43,16.22495
2.490120217,-5.655,16.30545
2.488914671,-5.52,16.3884
2.502256288,-5.505,16.47085
2.502256288,-5.43,16.55275
2.519498095,-5.32,16.63395
2.519498095,-5.77,16.71445
2.45457145,-6.09,16.79765
2.45457145,-5.87,16.88355
2.472187877,-5.915,16.9687
2.472187877,-6.21,17.0531
2.421368629,-6.54,17.1397
2.421368629,-6.81,17.2285
2.393604491,-6.88,17.31855
2.393604491,-6.81,17.40985
2.407945609,-6.755,17.5005
2.406835114,-6.87,17.59055
2.383795148,-7.065,17.6817
2.383795148,-7.325,17.7739
2.31364604,-7.91,17.86945
2.31364604,-8.42,17.96835
2.284745175,-8.275,18.0687
2.285727976,-7.82,18.17045
2.349676701,-7.565,18.269
2.349676701,-7.49,18.3644
2.335108285,-7.77,18.4605
2.336141877,-8.18,18.55725
2.320749064,-7.975,18.6547
2.319731252,-7.73,18.75295
2.338212271,-7.81,18.85035
2.338212271,-7.83,18.94685
2.345492594,-7.77,19.043
2.344449297,-7.735,19.13885
2.332013904,-7.97,19.23535
2.332013904,-8.41,19.33245
2.299589584,-8.395,19.43115
2.299589584,-8.025,19.53145
2.354931573,-7.815,19.62905
2.353878387,-7.855,19.724
2.3227878,-8.235,19.8205
2.3227878,-8.465,19.9185
2.296603021,-8.58,20.0178
2.296603021,-8.595,20.1184
2.349676701,-8.02,20.2164
2.349676701,-7.605,20.3118
2.365524893,-7.87,20.40645
2.365524893,-8.185,20.50035
2.345492594,-8.145,20.5952
2.344449297,-7.92,20.69105
2.3892329,-7.675,20.78485
2.388142981,-7.62,20.8766
2.368724895,-7.925,20.9693
2.36765709,-8.3,21.06295
2.310617265,-8.58,21.1594
2.309609708,-8.615,21.25865
2.308603165,-8.565,21.358
2.308603165,-8.3,21.4574
2.369793843,-7.805,21.55385
2.369793843,-7.73,21.64735
2.375155786,-7.68,21.7406
2.375155786,-7.67,21.8336
2.344449297,-7.965,21.92805
2.343407088,-8.095,22.024
2.32995629,-8.055,22.12065
2.32995629,-8.035,22.21795
2.327902901,-8,22.31535
2.327902901,-7.915,22.41285
2.32995629,-7.905,22.51025
2.32995629,-8.03,22.60755
2.304587096,-8.11,22.7061
2.305589602,-8.015,22.80585
2.314657674,-7.92,22.9051
2.314657674,-7.91,23.0039
2.304587096,-7.955,23.1032
2.304587096,-8.045,23.203
2.301585593,-7.91,23.30295
2.30058709,-7.545,23.4031
2.328929068,-7.51,23.5019
2.327902901,-7.95,23.59935
2.25094186,-8.285,23.70075
2.251891979,-8.225,23.806
2.255701507,-8.135,23.911
2.254747764,-8.28,24.01585
2.202739758,-8.615,24.12355
2.202739758,-8.82,24.23405
2.190149664,-8.635,24.34525
2.190149664,-8.375,24.45715
2.205458382,-8.335,24.5682
2.205458382,-8.41,24.6784
2.184802057,-8.485,24.78975
2.183913563,-8.555,24.9023
2.196424897,-8.28,25.0142
2.197324582,-7.945,25.12535
2.200931439,-8.21,25.23625
2.200931439,-8.65,25.34695
2.145581344,-8.845,25.4608
2.145581344,-8.95,25.5778
2.156754645,-8.775,25.69415
2.155890714,-8.15,25.8099
2.231195097,-7.98,25.9215
2.230264431,-8.415,26.02895
2.177716111,-8.63,26.13935
2.178599113,-8.63,26.2526
2.191938573,-8.535,26.36505
2.191938573,-8.35,26.47675
2.232126629,-8.145,26.58625
2.232126629,-7.95,26.69355
2.228405695,-8.275,26.80105
2.227477621,-9.035,26.9088
2.178599113,-8.925,27.0193
2.177716111,-7.995,27.13255
2.307597635,-7.52,27.23895
2.307597635,-7.505,27.33845
2.326877786,-7.375,27.437
2.32585372,-7.125,27.53465
2.34028696,-7.285,27.63165
2.34028696,-7.855,27.72795
2.278868566,-8.06,27.8273
2.278868566,-7.905,27.9297
2.310617265,-7.755,28.0305
2.311625838,-7.785,28.12965
2.289668868,-8.08,28.22985
2.289668868,-8.2,28.33115
2.310617265,-7.915,28.4314
2.311625838,-7.375,28.53055
2.396895772,-7.015,28.6256
2.395797475,-7.12,28.71665
2.3816283,-7.275,28.8084
2.380546634,-7.38,28.90085
2.370863934,-7.475,28.9938
2.370863934,-7.32,29.0872
2.400197922,-7.2,29.17925
2.399095993,-7.395,29.27
2.363397232,-7.685,29.36245
2.362335097,-7.935,29.4566
2.33407576,-8.07,29.55215
2.3330443,-8.09,29.6491
2.350725468,-7.915,29.74525
2.350725468,-7.65,29.84055
2.369793843,-7.73,29.93495
2.369793843,-8.27,30.02845
2.276917346,-8.83,30.1265
2.276917346,-9.02,30.2291
2.273026291,-8.92,30.3319
2.273026291,-8.72,30.4349
2.324830702,-8.38,30.5353
2.32585372,-7.99,30.63305
2.357041279,-8.06,30.72925
2.358097803,-8.47,30.8239
2.315670333,-8.59,30.92055
2.316684017,-8.395,31.0192
2.357041279,-8.18,31.11585
2.357041279,-7.995,31.21055
2.395797475,-7.795,31.30345
2.395797475,-7.59,31.39455
2.400197922,-7.825,31.48545
2.399095993,-8.49,31.5762
2.33407576,-8.645,31.67005
2.33407576,-8.295,31.76695
2.400197922,-7.945,31.86075
2.401301066,-7.595,31.9514
2.467459736,-7.245,32.0391
2.468639677,-6.89,32.12385
2.518256629,-6.71,32.2065
2.519498095,-6.845,32.28705
2.491327218,-7.115,32.3687
2.491327218,-7.385,32.4515
2.453407983,-7.655,32.5359
2.453407983,-7.92,32.6219
2.415753791,-8.2,32.70955
2.414634597,-8.36,32.7989
2.412399959,-8.35,32.8884
2.412399959,-8.455,32.978
2.405725852,-8.505,33.0679
2.406835114,-8.365,33.15805
2.446455463,-8.125,33.2464
2.446455463,-7.545,33.333
2.540842282,-7.08,33.4157
2.540842282,-7.32,33.4945
2.487710577,-7.725,33.57545
2.487710577,-7.79,33.65855
2.494956986,-7.695,33.74135
2.493745598,-7.58,33.8239
2.518256629,-7.465,33.9055
2.517016704,-7.355,33.98615
2.523231764,-7.465,34.0666
2.523231764,-7.79,34.1468
2.482908647,-7.975,34.22865
2.48410697,-8.025,34.3121
2.488914671,-7.95,34.3953
2.490120217,-7.75,34.47825
2.513306124,-7.71,34.5602
2.513306124,-7.9,34.6412
2.478129666,-8.115,34.72365
2.47693848,-8.065,34.8076
2.514541455,-7.665,34.89005
2.513306124,-7.27,34.971
2.570464538,-6.955,35.04975
2.571772583,-6.755,35.1262
2.582298996,-6.765,35.2022
2.583622623,-6.94,35.27775
2.540842282,-7.18,35.3549
2.542112124,-6.94,35.43365
2.566550639,-6.84,35.5114
2.566550639,-7.28,35.5882
2.528231775,-7.24,35.6665
2.526979426,-6.805,35.74635
2.574393816,-6.665,35.8244
2.573082341,-7.09,35.90065
2.498599977,-7.47,35.9799
2.498599977,-7.38,36.0621
2.494956986,-7.44,36.14445
2.494956986,-7.595,36.22695
2.472187877,-7.6,36.3104
2.473373414,-7.47,36.39475
2.498599977,-7.205,36.478
2.499817263,-7.255,36.56015
2.466281186,-7.49,36.64365
2.466281186,-7.425,36.72855
2.481711759,-7.215,36.8128
2.480516301,-7.145,36.89645
2.467459736,-7.265,36.9807
2.467459736,-7.265,37.0655
2.496169842,-6.85,37.1491
2.494956986,-6.705,37.23155
2.490120217,-6.82,37.31425
2.490120217,-6.505,37.39715
2.517016704,-6.42,37.47895
2.517016704,-6.335,37.55965
2.542112124,-6.045,37.63935
2.542112124,-6.08,37.71805
2.538307427,-6.01,37.7969
2.539574051,-5.785,37.87585
2.583622623,-5.42,37.95305
2.583622623,-4.98,38.02855
2.620039324,-4.935,38.1027
2.61866664,-5.285,38.17555
2.54338358,-5.75,38.2513
2.542112124,-5.94,38.32995
2.528231775,-5.86,38.4092
2.526979426,-5.605,38.48905
2.567853571,-5.315,38.56735
2.567853571,-5.305,38.64405
2.548485631,-5.46,38.7215
2.548485631,-5.6,38.7997
2.53577898,-5.53,38.8784
2.53451715,-5.515,38.95765
2.514541455,-5.67,39.03775
2.515778313,-5.745,39.1186
2.47693848,-5.995,39.201
2.47693848,-6.31,39.285
2.417995945,-6.55,39.37155
2.419118909,-6.865,39.4606
2.359155444,-7.125,39.55235
2.359155444,-7.46,39.64685
2.318714475,-7.5,39.7433
2.317698731,-6.985,39.84175
2.370863934,-6.82,39.9377
2.370863934,-6.81,40.0311
2.409057338,-6.335,40.12275
2.407945609,-6.17,40.2127
2.393604491,-6.47,40.30335
2.393604491,-6.69,40.39465
2.360214206,-6.83,40.4875
2.360214206,-6.9,40.5819
2.348629031,-6.935,40.67685
2.349676701,-7.085,40.7723
2.34028696,-7,40.86815
2.341325921,-6.385,40.9644
2.409057338,-6.175,41.05745
2.407945609,-6.63,41.1474
2.357041279,-6.74,41.23975
2.35598587,-6.525,41.3345
2.383795148,-6.375,41.428
2.382711137,-6.365,41.52025
2.364460497,-6.545,41.6134
2.363397232,-6.73,41.70745
2.332013904,-6.88,41.80305
2.330984568,-7.025,41.9002
2.306593114,-7.135,41.9986
2.306593114,-7.18,42.0982
2.31364604,-7.06,42.19745
2.31364604,-6.835,42.29635
2.346536981,-6.71,42.39365
2.347582459,-6.665,42.4893
2.360214206,-6.62,42.5843
2.360214206,-6.58,42.6787
2.38705425,-6.385,42.77185
2.38705425,-6.07,42.86375
2.432693778,-5.93,42.9536
2.43383338,-6.045,43.04135
2.417995945,-6.2,43.12975
2.417995945,-6.24,43.21885
2.42249539,-6.185,43.30775
2.42249539,-6.13,43.39645
2.439550948,-6.02,43.4844
2.438404816,-5.695,43.57165
2.45457145,-5.86,43.65825
2.453407983,-6.6,43.7442
2.361274089,-6.935,43.83435
2.361274089,-7.06,43.92865
2.345492594,-7.14,44.0237
2.344449297,-6.69,44.11955
2.41128451,-6.41,44.21235
2.412399959,-6.71,44.302
2.383795148,-6.81,44.3929
2.384880336,-6.635,44.48505
2.41128451,-6.615,44.57595
2.41128451,-6.565,44.66565
2.468639677,-6.1,44.75285
2.467459736,-5.74,44.8376
2.482908647,-6.055,44.92175
2.482908647,-6.48,45.00525
2.478129666,-6.24,45.08895
2.478129666,-5.54,45.17285
2.583622623,-5.15,45.25255
2.582298996,-5.065,45.3281
2.602339747,-5.055,45.40295
2.600991129,-5.285,45.4771
2.605042451,-5.14,45.55115
2.603690186,-4.665,45.6251
2.642262461,-4.805,45.6977
2.640858952,-4.945,45.76895
2.653562016,-4.745,45.8398
2.652142569,-4.975,45.91025
2.596956154,-5.48,45.98275
2.596956154,-5.34,46.05725
2.657832485,-4.82,46.12955
2.659260037,-4.975,46.1996
2.606396547,-5.5,46.2715
2.606396547,-5.55,46.3453
2.617295838,-5.445,46.4187
2.61866664,-5.46,46.49165
2.614559858,-5.56,46.5647
2.614559858,-5.91,46.6379
2.579656986,-6.04,46.7124
2.580977119,-5.915,46.78815
2.598299337,-5.905,46.8632
2.599644327,-5.865,46.93755
2.62554898,-5.665,47.0109
2.62693115,-5.515,47.08325
2.624168717,-5.77,47.15565
2.62554898,-6.245,47.2281
2.615926912,-5.935,47.30085
2.617295838,-5.445,47.3739
2.611831343,-6.075,47.4471
2.611831343,-6.64,47.5205
2.578338595,-6.54,47.59515
2.577021939,-6.71,47.6711
2.553613848,-6.91,47.748
2.552329326,-6.8,47.82585
2.562651998,-6.855,47.90335
2.563949857,-7.13,47.9804
2.548485631,-7.105,48.058
2.549765222,-6.955,48.13615
2.542112124,-7.24,48.21455
2.54338358,-7.32,48.2932
2.600991129,-6.64,48.3696
2.599644327,-6.35,48.44385
2.575707014,-6.995,48.51905
2.574393816,-7.24,48.5952
2.590267165,-6.86,48.6708
2.591601388,-6.7,48.74575
2.60775248,-6.705,48.82005
2.60775248,-7.045,48.89375
2.519498095,-7.78,48.97085
2.519498095,-8.035,49.05135
2.521985658,-7.775,49.13175
2.523231764,-7.79,49.212
2.53577898,-7.66,49.2917
2.53577898,-6.965,49.3709
2.61866664,-6.74,49.44695
2.617295838,-6.97,49.5199
2.595614772,-7.015,49.5937
2.594275187,-7.205,49.66835
2.563949857,-7.385,49.7442
2.563949857,-7.425,49.8212
2.554900022,-7.49,49.89855
2.554900022,-7.33,49.97625
2.600991129,-6.965,50.0522
2.600991129,-6.84,50.1264
2.603690186,-6.905,50.2005
2.605042451,-6.695,50.27445
2.63108916,-6.595,50.3474
2.63108916,-6.815,50.4194
2.611831343,-6.795,50.4921
2.61319467,-6.48,50.56545
2.670754416,-6.105,50.6367
2.672200548,-6.045,50.70585
2.642262461,-6.45,50.776
2.642262461,-6.64,50.8472
2.624168717,-6.665,50.91905
2.622790357,-6.885,50.9916
2.622790357,-6.675,51.0642
2.622790357,-6.32,51.1368
2.638057829,-6.51,51.20885
2.636660205,-6.795,51.2804
2.624168717,-6.655,51.35245
2.624168717,-6.555,51.42495
2.632479014,-6.57,51.49715
2.63108916,-6.255,51.5691
2.67800608,-6.035,51.63945
2.676551534,-5.925,51.7082
2.695627681,-5.815,51.77635
2.695627681,-6.045,51.84385
2.653562016,-6.31,51.9128
2.653562016,-6.42,51.9832
2.642262461,-6.435,52.054
2.642262461,-6.315,52.1252
2.67800608,-6,52.19515
2.679462744,-5.765,52.2638
2.694147296,-5.83,52.3319
2.692669099,-5.7,52.39955
2.721135441,-5.51,52.4663
2.719616837,-5.7,52.53215
2.685310714,-5.93,52.5992
2.683845512,-6.02,52.66745
2.683845512,-5.925,52.73575
2.683845512,-5.54,52.80405
2.725705136,-5.44,52.87095
2.727233021,-5.59,52.9364
2.728763243,-5.39,53.00175
2.73029581,-5.105,53.067
2.742641646,-5.24,53.1318
2.741090055,-5.575,53.19625
2.718100537,-5.535,53.2615
2.716586532,-5.455,53.32755
2.716586532,-5.54,53.39365
2.718100537,-5.595,53.4597
2.710553331,-5.61,53.52595
2.710553331,-5.38,53.59245
2.724179583,-5.455,53.6585
2.725705136,-5.895,53.72405
2.67800608,-5.98,53.79115
2.679462744,-5.815,53.8598
2.736449676,-5.325,53.9265
2.734907655,-4.34,53.99135
2.845589615,-4.055,54.05285
2.845589615,-4.86,54.11095
2.722656353,-5.49,54.17285
2.722656353,-5.905,54.23855
2.643667942,-6.405,54.30695
2.645075402,-6.515,54.378
2.685310714,-5.95,54.4476
2.685310714,-5.53,54.5158
2.697110261,-5.805,54.5836
2.698595042,-5.79,54.65095
2.719616837,-5.56,54.71755
2.719616837,-5.685,54.78345
2.697110261,-5.825,54.8501
2.697110261,-5.695,54.9175
2.744195648,-5.29,54.98335
2.744195648,-5.315,55.04765
2.694147296,-5.865,55.1136
2.694147296,-6.18,55.1812
2.642262461,-6.47,55.2506
2.642262461,-6.43,55.3218
2.672200548,-6.125,55.39195
2.670754416,-6.515,55.4611
2.590267165,-7.055,55.5332
2.591601388,-7.125,55.60815
2.620039324,-6.715,55.682
2.61866664,-6.005,55.75485
2.715074816,-5.6,55.8244
2.715074816,-5.8,55.8906
2.647896278,-6.35,55.9591
2.649309706,-6.65,56.02985
2.62554898,-6.6,56.1014
2.624168717,-6.295,56.17385
2.663554961,-6.13,56.24495
2.663554961,-6.355,56.31465
2.646484845,-6.315,56.38495
2.646484845,-6.37,56.45585
2.599644327,-6.83,56.52845
2.599644327,-7.01,56.60275
2.611831343,-6.68,56.6766
2.610469873,-6.465,56.75005
2.610469873,-6.665,56.82355
2.609110253,-6.485,56.8971
2.643667942,-6.26,56.96945
2.642262461,-6.32,57.0406
2.635264531,-6.325,57.11205
2.633870803,-6.535,57.1838
2.617295838,-6.51,57.2562
2.617295838,-6.235,57.3292
2.669310373,-5.87,57.40035
2.669310373,-5.46,57.46965
2.700082031,-5.495,57.5379
2.700082031,-5.535,57.6051
2.713565382,-5.315,57.67185
2.712058222,-5.32,57.7382
2.697110261,-5.485,57.8051
2.697110261,-5.675,57.8725
2.692669099,-5.52,57.94005
2.691193084,-5.015,58.0078
2.739540868,-4.945,58.074
2.739540868,-5.02,58.1386
2.747310915,-4.83,58.20295
2.747310915,-4.815,58.26705
2.73029581,-5.015,58.3317
2.73029581,-4.935,58.3969
2.736449676,-4.925,58.4619
2.736449676,-5.095,58.5267
2.752002089,-4.725,58.591
2.753570716,-4.385,58.65475
2.758291418,-4.65,58.7183
2.756715373,-4.675,58.78175
2.805111914,-4.09,58.84375
2.803460386,-3.695,58.9043
2.818423259,-3.93,58.96445
2.816749618,-4.36,59.0242
2.756715373,-4.635,59.08585
2.756715373,-4.37,59.14935
2.806766174,-4.03,59.2113
2.808423175,-4.45,59.27165
2.737994077,-4.85,59.33415
2.737994077,-4.855,59.39885
2.698595042,-5.32,59.46485
2.698595042,-5.645,59.53215
2.718100537,-5.08,59.5988
2.718100537,-4.815,59.6648
2.741090055,-4.815,59.73005
2.741090055,-4.635,59.79455
2.745752068,-4.76,59.8589
2.744195648,-4.93,59.92315
2.758291418,-4.615,59.987
2.758291418,-4.245,60.0504
2.75986995,-4.575,60.11375
2.761450978,-5.07,60.177
2.685310714,-5.435,60.2427
2.686778066,-5.76,60.31085
2.640858952,-5.96,60.38055
2.640858952,-5.995,60.45185
2.647896278,-5.89,60.5229
2.646484845,-5.945,60.59375
2.617295838,-6.225,60.6657
2.617295838,-6.36,60.7387
2.629701235,-6.085,60.81125
2.628315233,-5.855,60.8834
2.642262461,-5.94,60.9551
2.642262461,-5.945,61.0263
2.662121269,-5.695,61.0968
2.663554961,-5.53,61.16655
2.676551534,-5.53,61.2358
2.676551534,-5.67,61.3046
2.624168717,-6.15,61.37525
2.622790357,-6.51,61.4478
2.60775248,-6.34,61.52095
2.60775248,-6.13,61.59465
2.624168717,-6.155,61.66775
2.622790357,-6.325,61.7403
2.605042451,-6.375,61.81355
2.603690186,-6.29,61.8875
2.602339747,-6.405,61.96155
2.600991129,-6.555,62.0357
2.584948004,-6.595,62.1105
2.584948004,-6.96,62.1859
2.515778313,-7.395,62.264
2.514541455,-7.23,62.34485
2.560061323,-6.895,62.42395
2.558768498,-6.67,62.5013
2.575707014,-6.705,62.57805
2.575707014,-6.87,62.65415
2.556187852,-6.93,62.731
2.556187852,-7.13,62.8086
2.545931352,-7.06,62.8866
2.544656654,-6.68,62.96505
2.58893472,-6.55,63.04185
2.58893472,-6.8,63.11695
2.545931352,-7.05,63.1937
2.544656654,-7.075,63.27215
2.526979426,-7.245,63.35135
2.526979426,-7.58,63.43125
2.48530673,-7.68,63.51285
2.486507931,-7.865,63.5961
2.451085101,-8.055,63.6808
2.451085101,-7.845,63.767
2.488914671,-7.605,63.8516
2.488914671,-7.525,63.9346
2.497384171,-7.51,64.01725
2.497384171,-7.51,64.09955
2.496169842,-7.51,64.1819
2.496169842,-7.31,64.2643
2.560061323,-6.77,64.34415
2.558768498,-6.345,64.4215
2.578338595,-6.55,64.49815
2.578338595,-6.75,64.57405
2.577021939,-6.535,64.65
2.578338595,-6.62,64.72595
2.551046452,-6.825,64.8029
2.551046452,-6.805,64.8809
2.545931352,-6.865,64.9591
2.545931352,-7.105,65.0375
2.488914671,-7.485,65.1182
2.490120217,-7.625,65.20115
2.487710577,-7.475,65.28415
2.488914671,-7.655,65.3672
2.468639677,-7.67,65.45105
2.468639677,-7.46,65.53575
2.460409178,-7.73,65.6208
2.460409178,-7.945,65.7062
2.431555474,-8.045,65.79285
2.430418465,-8.075,65.8808
2.436116486,-7.965,65.96855
2.434974281,-7.855,66.0561
2.473373414,-7.505,66.14205
2.473373414,-7.37,66.22635
2.462753845,-7.6,66.3111
2.462753845,-7.93,66.3963
2.3816283,-8.5,66.4851
2.382711137,-8.3,66.57745
2.459238903,-7.575,66.66635
2.460409178,-7.805,66.7518
2.397995278,-8.26,66.83995
2.397995278,-8.185,66.93085
2.446455463,-7.695,67.0196
2.446455463,-7.105,67.1062
2.507152259,-6.975,67.19025
2.505926017,-7.4,67.2718
2.438404816,-7.745,67.35625
2.437259996,-7.65,67.4436
2.445301395,-7.635,67.53065
2.445301395,-7.585,67.61735
2.468639677,-7.33,67.70305
2.468639677,-7.345,67.78775
2.447610865,-7.55,67.87335
2.447610865,-7.575,67.95985
2.43383338,-7.66,68.04695
2.434974281,-7.755,68.1346
2.420243136,-7.785,68.22285
2.420243136,-8.005,68.31175
2.3892329,-8.095,68.40205
2.390324007,-7.965,68.4937
2.419118909,-7.72,68.584
2.420243136,-7.675,68.67295
2.391416307,-8.035,68.76315
2.390324007,-7.96,68.8547
2.43383338,-7.55,68.94435
2.43383338,-7.73,69.03205
2.399095993,-7.975,69.1213
2.399095993,-8.07,69.2121
2.407945609,-7.895,69.3025
2.409057338,-6.975,69.39245
2.569158202,-6.085,69.4757
2.567853571,-5.965,69.55235
2.58893472,-5.87,69.62825
2.590267165,-5.685,69.7033
2.561355822,-6.22,69.7794
2.561355822,-6.805,69.8566
2.474560358,-7.23,69.9373
2.474560358,-7.435,70.0215
2.482908647,-7.15,70.10535
2.482908647,-6.76,70.18885
2.528231775,-6.65,70.2705
2.528231775,-7.03,70.3503
2.453407983,-7.575,70.4332
2.452245868,-7.78,70.51925
2.474560358,-7.385,70.6044
2.474560358,-7.065,70.6886
2.499817263,-7.17,70.77175
2.498599977,-6.89,70.8539
2.598299337,-6.095,70.9322
2.598299337,-5.67,71.0066
2.63945741,-5.67,71.0795
2.640858952,-5.665,71.15085
2.646484845,-5.66,71.22195
2.645075402,-5.68,71.2929
2.646484845,-5.725,71.36385
2.645075402,-5.84,71.4348
2.629701235,-5.96,71.50635
2.629701235,-5.715,71.57845
2.689719244,-5.295,71.64845
2.689719244,-4.875,71.71635
2.724179583,-4.95,71.7831
2.724179583,-5.25,71.8487
2.722656353,-5.005,71.91435
2.724179583,-5.085,71.98
2.663554961,-5.745,72.04765
2.664990712,-5.84,72.1173
2.691193084,-5.465,72.186
2.692669099,-5.535,72.25375
2.672200548,-5.75,72.32215
2.673648774,-5.815,72.3912
2.650725134,-6.05,72.461
2.652142569,-6.405,72.53155
2.600991129,-6.71,72.6039
2.600991129,-6.64,72.6781
2.622790357,-6.515,72.7515
2.624168717,-6.305,72.82405
2.704556312,-5.63,72.89375
2.704556312,-5.53,72.96065
2.688247574,-5.885,73.0281
2.686778066,-6.155,73.09615
2.649309706,-6.375,73.16555
2.649309706,-6.77,73.23625
2.558768498,-7.455,73.3103
2.560061323,-7.385,73.38765
2.642262461,-6.53,73.4619
2.642262461,-6.355,73.5331
2.614559858,-6.865,73.6053
2.614559858,-6.985,73.6785
2.632479014,-6.65,73.75105
2.632479014,-6.505,73.82295
2.611831343,-6.865,73.8956
2.611831343,-6.74,73.969
2.675099101,-6.11,74.04015
2.673648774,-5.765,74.1091
2.750435918,-5.18,74.17555
2.750435918,-5.385,74.23945
2.635264531,-6.475,74.30725
2.635264531,-6.395,74.37895
2.682382454,-5.86,74.449
2.682382454,-5.765,74.5174
2.695627681,-5.645,74.58535
2.695627681,-5.51,74.65285
2.698595042,-5.565,74.72025
2.698595042,-5.57,74.78755
2.719616837,-5.27,74.85415
2.719616837,-5.22,74.92005
2.709050701,-5.365,74.9863
2.709050701,-5.27,75.0529
2.744195648,-4.895,75.11835
2.745752068,-4.595,75.1826
2.777400279,-4.46,75.2458
2.77900929,-4.37,75.30795
2.741090055,-4.88,75.37125
2.739540868,-5.205,75.4358
2.734907655,-4.915,75.50055
2.733368009,-5.03,75.5655
2.739540868,-4.8,75.6303
2.741090055,-4.21,75.69485
2.769393831,-4.425,75.75845
2.769393831,-4.94,75.82115
2.706052198,-5.12,75.8859
2.707550326,-5.19,75.95265
2.706052198,-5.07,76.0194
2.706052198,-4.795,76.0862
2.718100537,-4.88,76.1526
2.718100537,-5.295,76.2186
2.662121269,-5.485,76.2865
2.662121269,-5.445,76.3563
2.640858952,-5.66,76.42685
2.642262461,-6.115,76.4981
2.560061323,-6.52,76.57235
2.561355822,-6.925,76.6496
2.523231764,-6.865,76.7283
2.523231764,-6.2,76.8085
2.610469873,-5.785,76.88535
2.609110253,-5.785,76.9589
2.574393816,-6.13,77.0338
2.574393816,-6.485,77.11
2.530741186,-6.57,77.1879
2.530741186,-6.95,77.2675
2.519498095,-6.67,77.34755
2.519498095,-4.94,77.42805
2.682382454,-4.765,77.5025
2.680921534,-6.25,77.57095
2.530741186,-6.455,77.645
2.530741186,-6.22,77.7246
2.551046452,-6.19,77.8034
2.551046452,-5.92,77.8814
2.580977119,-5.825,77.95825
2.580977119,-6.055,78.03395
2.560061323,-6.075,78.11045
2.558768498,-5.355,78.1878
2.669310373,-4.8,78.26115
2.670754416,-4.9,78.3304
2.662121269,-4.88,78.3999
2.662121269,-4.545,78.4697
2.663554961,-4.88,78.53945
2.663554961,-5.465,78.60915
2.620039324,-5.365,78.6804
2.621413894,-5.08,78.75315
2.640858952,-5.105,78.82515
2.642262461,-5.345,78.8964
2.633870803,-5.18,78.9679
2.633870803,-4.305,79.0397
2.707550326,-4.265,79.10895
2.709050701,-5.625,79.1756
2.531998257,-6.245,79.24865
2.530741186,-6.25,79.3282
2.557477343,-5.9,79.40675
2.556187852,-4.93,79.4843
2.685310714,-4.35,79.5572
2.685310714,-4.325,79.6254
2.664990712,-4.575,79.6943
2.663554961,-4.75,79.76395
2.659260037,-4.625,79.8338
2.659260037,-4.585,79.9038
2.646484845,-4.8,79.97425
2.645075402,-5.065,80.0452
2.664990712,-4.62,80.1155
2.664990712,-3.665,80.1851
2.756715373,-3.58,80.25165
2.755141809,-4.16,80.3152
2.707550326,-4.17,80.38035
2.707550326,-3.61,80.44705
2.75986995,-3.56,80.51205
2.75986995,-3.79,80.57535
2.739540868,-3.8,80.6393
2.737994077,-3.775,80.70395
2.745752068,-3.735,80.7684
2.744195648,-3.78,80.83265
2.753570716,-3.655,80.89665
2.753570716,-3.52,80.96035
2.785471348,-3.285,81.02305
2.783851915,-2.775,81.0848
2.803460386,-3.095,81.146
2.803460386,-4.25,81.2066
2.666428526,-4.72,81.27165
2.666428526,-4.45,81.34115
2.695627681,-4.42,81.40965
2.694147296,-4.64,81.4772
2.688247574,-4.51,81.545
2.689719244,-4.025,81.61295
2.782235099,-3.44,81.67785
2.782235099,-2.76,81.73975
2.847312268,-2.7,81.7997
2.847312268,-2.78,81.8577
2.821778966,-3.02,81.91645
2.823461053,-3.69,81.9759
2.750435918,-3.93,82.03755
2.748872196,-3.94,82.1015
2.763034509,-3.82,82.16505
2.763034509,-3.66,82.22815
2.796881415,-3.445,82.2902
2.798522104,-3.83,82.35115
2.752002089,-4.05,82.4135
2.750435918,-3.47,82.47735
2.825145973,-3.215,82.53895
2.823461053,-3.37,82.5983
2.767800206,-3.93,82.6594
2.769393831,-4.48,82.72215
2.727233021,-4.455,82.7862
2.728763243,-4.09,82.85155
2.777400279,-3.91,82.9153
2.777400279,-3.915,82.9775
2.777400279,-3.965,83.0397
2.777400279,-3.885,83.1019
2.850766503,-3.145,83.1619
2.850766503,-2.085,83.2197
2.937463365,-2.145,83.2751
2.937463365,-2.84,83.3281
2.849037894,-3.23,83.38355
2.850766503,-3.46,83.4414
2.838728525,-3.39,83.49955
2.838728525,-3.105,83.55805
2.89498237,-2.78,83.61495
2.89498237,-2.56,83.67025
2.904065085,-2.7,83.7253
2.90589157,-3.02,83.78005
2.869981068,-3.175,83.83575
2.868218953,-2.96,83.8925
2.916921093,-2.665,83.94795
2.915074371,-2.555,84.0021
2.941244088,-2.405,84.0556
2.93935194,-2.525,84.10845
2.90589157,-2.855,84.16225
2.90589157,-3.265,84.21695
2.854232711,-3.475,84.2731
2.854232711,-3.475,84.3307
2.852498105,-3.52,84.38835
2.854232711,-3.445,84.446
2.864704011,-3.38,84.5033
2.866459938,-3.38,84.56025
2.857710976,-3.505,84.6174
2.855970331,-3.695,84.67485
2.840439389,-3.7,84.7328
2.838728525,-3.71,84.79125
2.826833737,-3.845,84.8501
2.828524355,-4.125,84.90925
2.761450978,-4.605,84.9704
2.763034509,-4.43,85.03355
2.80016549,-4.17,85.0955
2.798522104,-4.245,85.15635
2.801811581,-4.13,85.21715
2.801811581,-4.145,85.27785
2.787093408,-4.285,85.339
2.787093408,-4.445,85.4006
2.770990001,-4.44,85.4627
2.770990001,-4.125,85.5253
2.835315552,-3.66,85.58595
2.833613424,-3.805,85.6447
2.761450978,-4.49,85.7057
2.761450978,-4.59,85.7689
2.791975436,-4.075,85.83115
2.793608089,-4.175,85.8924
2.761450978,-4.415,85.9546
2.761450978,-4.205,86.0178
2.77900929,-4.17,86.08045
2.77900929,-4.32,86.14255
2.753570716,-4.43,86.20545
2.753570716,-4.61,86.26915
2.704556312,-4.96,86.33445
2.70306266,-5.125,86.4014
2.685310714,-5.12,86.469
2.683845512,-5.115,86.53725
2.679462744,-5.105,86.6057
2.67800608,-5.085,86.67435
2.67800608,-5.05,86.74305
2.676551534,-5.05,86.8118
2.673648774,-5,86.8807
2.675099101,-4.895,86.94965
2.712058222,-4.475,87.0173
2.712058222,-4.095,87.0837
2.733368009,-4.105,87.1494
2.734907655,-4.38,87.21435
2.666428526,-4.78,87.28155
2.667868411,-5.125,87.351
2.594275187,-5.55,87.42305
2.594275187,-5.495,87.49775
2.636660205,-4.96,87.5709
2.635264531,-4.895,87.64255
2.600991129,-5.265,87.7155
2.600991129,-5.425,87.7897
2.579656986,-5.415,87.8647
2.580977119,-5.235,87.94045
2.61866664,-4.875,88.01475
2.61866664,-5.15,88.08765
2.498599977,-6.145,88.1652
2.499817263,-6.31,88.24735
2.533256911,-5.64,88.3281
2.533256911,-5.46,88.4075
2.525728644,-5.655,88.4872
2.525728644,-5.75,88.5672
2.533256911,-5.475,88.6469
2.53451715,-5.145,88.72625
2.602339747,-4.635,88.80295
2.600991129,-4.58,88.8771
2.574393816,-4.895,88.9523
2.574393816,-4.905,89.0285
2.561355822,-5.005,89.1052
2.561355822,-5.09,89.1824
2.539574051,-5.2,89.26045
2.540842282,-5.465,89.3393
2.488914671,-5.765,89.4202
2.488914671,-5.27,89.5032
2.628315233,-4.13,89.5808
2.62693115,-3.57,89.65305
2.649309706,-3.83,89.72455
2.649309706,-4.085,89.79525
2.63108916,-3.985,89.8666
2.629701235,-4.23,89.93865
2.565249402,-4.73,90.01315
2.563949857,-4.72,90.0901
2.561355822,-4.71,90.1672
2.561355822,-4.965,90.2444
2.539574051,-4.905,90.32245
2.540842282,-4.625,90.4013
2.590267165,-4.265,90.4782
2.591601388,-4.055,90.55315
2.565249402,-4.53,90.62905
2.565249402,-4.855,90.70595
2.513306124,-5.11,90.7849
2.513306124,-5.015,90.8659
2.611831343,-3.95,90.9431
2.611831343,-3.8,91.0165
2.574393816,-4.37,91.0913
2.574393816,-4.26,91.1675
2.595614772,-4.1,91.2429
2.596956154,-4.38,91.31745
2.529485693,-4.885,91.39455
2.529485693,-4.925,91.47425
2.554900022,-4.59,91.55295
2.553613848,-4.585,91.6307
2.557477343,-4.565,91.70835
2.556187852,-4.68,91.7859
2.501036032,-5.265,91.8657
2.501036032,-5.145,91.9477
2.574393816,-4.475,92.0268
2.573082341,-3.86,92.10305
2.672200548,-3.36,92.17575
2.672200548,-3.36,92.24485
2.675099101,-3.35,92.31385
2.675099101,-3.565,92.38275
2.587604048,-4.425,92.4548
2.58893472,-4.97,92.52995
2.547207676,-4.905,92.60665
2.548485631,-4.48,92.6849
2.636660205,-3.89,92.7598
2.636660205,-3.585,92.8314
2.645075402,-3.83,92.9027
2.643667942,-4.25,92.97375
2.598299337,-4.4,93.0465
2.596956154,-4.25,93.12095
2.638057829,-3.96,93.19395
2.636660205,-3.835,93.2655
2.646484845,-3.88,93.33675
2.646484845,-4.175,93.40765
2.590267165,-4.58,93.4806
2.58893472,-4.835,93.55565
2.620039324,-4.27,93.6296
2.620039324,-3.515,93.7024
2.675099101,-3.64,93.77325
2.675099101,-3.945,93.84215
2.647896278,-4,93.912
2.646484845,-4,93.98285
2.656406968,-3.925,94.0534
2.656406968,-3.775,94.1236
2.676551534,-3.7,94.1931
2.676551534,-3.7,94.2619
2.666428526,-3.85,94.33105
2.666428526,-4.15,94.40055
2.642262461,-4.125,94.4709
2.643667942,-3.725,94.54205
2.695627681,-3.5,94.61135
2.697110261,-3.65,94.6788
2.667868411,-3.835,94.7472
2.667868411,-4.05,94.8166
2.628315233,-4.29,94.8874
2.629701235,-4.315,94.95955
2.62554898,-4.315,95.0318
2.62554898,-4.115,95.1042
2.646484845,-4.04,95.17585
2.645075402,-4.355,95.2468
2.600991129,-4.51,95.3194
2.600991129,-4.51,95.3936
2.599644327,-4.465,95.46785
2.600991129,-4.83,95.5421
2.54338358,-5.07,95.6185
2.544656654,-4.625,95.69705
2.590267165,-4.46,95.7738
2.591601388,-5.015,95.84875
2.521985658,-5.22,95.92635
2.520741103,-4.93,96.0067
2.579656986,-4.5,96.0848
2.578338595,-3.74,96.16065
2.63945741,-3.73,96.2343
2.63945741,-4.17,96.3057
2.567853571,-4.53,96.37975
2.569158202,-5.1,96.4564
2.512072318,-5.125,96.53525
2.512072318,-4.625,96.61635
2.566550639,-4.445,96.6953
2.566550639,-4.675,96.7721
2.566550639,-4.385,96.8489
2.566550639,-3.715,96.9257
2.633870803,-3.505,97
2.635264531,-3.51,97.07175
2.602339747,-3.815,97.14465
2.600991129,-4.435,97.2188
2.529485693,-4.57,97.29575
2.528231775,-4.475,97.3755
2.545931352,-4.28,97.4546
2.545931352,-3.9,97.533
2.562651998,-3.985,97.61075
2.562651998,-4.375,97.68785
2.513306124,-4.465,97.7669
2.513306124,-4.235,97.8479
2.53577898,-4.095,97.928
2.537042404,-4.05,98.00715
2.533256911,-4.02,98.0864
2.533256911,-3.98,98.1658
2.529485693,-3.935,98.24535
2.529485693,-4,98.32505
2.513306124,-3.985,98.4054
2.514541455,-3.69,98.48635
2.545931352,-3.49,98.566
2.545931352,-3.49,98.6444
2.53577898,-3.47,98.7232
2.537042404,-3.55,98.80235
2.505926017,-3.74,98.8827
2.504701277,-3.955,98.96435
2.488914671,-3.835,99.0467
2.487710577,-3.35,99.12975
2.540842282,-3.11,99.2107
2.539574051,-3.25,99.28955
2.497384171,-3.535,99.37015
2.496169842,-3.68,99.4525
2.480516301,-3.645,99.53555
2.480516301,-3.57,99.61925
2.486507931,-3.475,99.7027
2.487710577,-3.53,99.78585
2.473373414,-3.58,99.86955
2.473373414,-3.465,99.95385
2.488914671,-3.35,100.0375
2.488914671,-3.235,100.1205
2.488914671,-3.18,100.2035
2.501036032,-3.085,100.286
2.513306124,-2.88,100.3675
2.525728644,-2.72,100.448
2.538307427,-2.625,100.5275
2.525728644,-2.77,100.607
2.513306124,-2.885,100.6875
2.513306124,-2.54,100.7685
2.563949857,-2.32,100.8475
2.551046452,-2.43,100.925
2.551046452,-2.425,101.003
2.538307427,-2.295,101.0815
2.563949857,-2.165,101.1595
2.563949857,-2.035,101.2365
2.563949857,-2.195,101.3135
2.563949857,-2.64,101.3905
2.525728644,-2.745,101.469
2.513306124,-2.525,101.5495
2.563949857,-2.34,101.6285
2.563949857,-2.185,101.7055
2.577021939,-2.295,101.782
2.563949857,-2.665,101.8585
2.501036032,-2.965,101.938
2.513306124,-3.2,102.0195
2.501036032,-3.07,102.101
2.501036032,-2.575,102.183
2.538307427,-2.63,102.2635
2.538307427,-3.24,102.3425
2.488914671,-3.32,102.4235
2.488914671,-2.85,102.5065
2.525728644,-2.9,102.588
2.525728644,-3.485,102.668
2.453407983,-3.725,102.751
2.465104022,-3.61,102.8365
2.465104022,-3.795,102.9215
2.465104022,-4.28,103.0065
2.407945609,-4.49,103.094
2.407945609,-4.435,103.184
2.430418465,-4.41,103.273
2.419118909,-4.455,103.3615
2.430418465,-4.475,103.45
2.419118909,-4.375,103.5385
2.44184716,-4.27,103.6265
2.453407983,-4.2,103.713
2.465104022,-4.135,103.7985
2.465104022,-4.08,103.8835
2.47693848,-4.135,103.968
2.47693848,-4.31,104.052
2.465104022,-4.385,104.1365
2.465104022,-4.345,104.2215
2.47693848,-4.325,104.306
2.47693848,-4.33,104.39
2.501036032,-4.29,104.473
2.488914671,-4.21,104.5555
2.513306124,-4.17,104.6375
2.525728644,-4.345,104.718
2.47693848,-4.685,104.8
2.488914671,-4.755,104.8835
2.501036032,-4.57,104.966
2.501036032,-4.38,105.048
2.538307427,-4.19,105.1285
2.551046452,-4.15,105.207
2.551046452,-4.245,105.285
2.551046452,-4.4,105.363
2.525728644,-4.61,105.442
2.525728644,-4.52,105.522
2.577021939,-4.13,105.6
2.577021939,-3.93,105.676
2.603690186,-3.925,105.751
2.590267165,-3.87,105.8255
2.617295838,-3.765,105.8995
2.63108916,-3.46,105.972
2.688247574,-2.96,106.042
2.70306266,-3.04,106.1095
2.63108916,-3.695,106.179
2.645075402,-4.135,106.2505
2.577021939,-4.365,106.324
2.590267165,-4.37,106.3995
2.617295838,-4.15,106.4735
2.603690186,-4.18,106.547
2.590267165,-4.46,106.6215
2.590267165,-4.72,106.6965
2.551046452,-4.955,106.773
2.551046452,-4.9,106.851
2.590267165,-4.565,106.9275
2.603690186,-4.4,107.002
2.617295838,-4.4,107.0755
2.617295838,-4.64,107.1485
2.563949857,-5.12,107.2235
2.577021939,-5.64,107.3
2.488914671,-6.2,107.3795
2.488914671,-6.48,107.4625
2.47693848,-6.48,107.546
2.47693848,-6.48,107.63
2.47693848,-6.575,107.714
2.488914671,-6.76,107.7975
2.465104022,-6.875,107.8815
2.465104022,-6.925,107.9665
2.453407983,-6.95,108.052
2.465104022,-6.89,108.1375
2.47693848,-6.77,108.222
2.47693848,-6.71,108.306
2.488914671,-6.675,108.3895
2.47693848,-6.605,108.473
2.501036032,-6.5,108.556
2.488914671,-6.355,108.6385
2.513306124,-6.28,108.7205
2.513306124,-6.28,108.8015
2.513306124,-6.275,108.8825
2.513306124,-6.27,108.9635
2.501036032,-6.4,109.045
2.501036032,-6.67,109.127
2.465104022,-6.81,109.2105
2.465104022,-6.625,109.2955
2.501036032,-6.265,109.379
2.513306124,-6.09,109.4605
2.525728644,-6.09,109.541
2.525728644,-6.145,109.621
2.501036032,-6.25,109.702
2.513306124,-6.09,109.7835
2.551046452,-5.675,109.863
2.551046452,-5.5,109.941
2.551046452,-5.555,110.019
2.551046452,-5.58,110.097
2.551046452,-5.58,110.175
2.551046452,-5.58,110.253
2.551046452,-5.575,110.331
2.563949857,-5.57,110.4085
2.551046452,-5.57,110.486
2.551046452,-5.57,110.564
2.525728644,-5.785,110.643
2.538307427,-6.21,110.7225
2.488914671,-6.335,110.8035
2.488914671,-6.165,110.8865
2.525728644,-5.98,110.968
2.513306124,-5.78,111.0485
2.551046452,-5.68,111.128
2.538307427,-5.68,111.2065
2.551046452,-5.68,111.285
2.538307427,-5.68,111.3635
2.538307427,-5.68,111.4425
2.551046452,-5.68,111.521
2.525728644,-5.85,111.6
2.525728644,-6.195,111.68
2.488914671,-6.37,111.7615
2.47693848,-6.265,111.845
2.513306124,-6.05,111.9275
2.513306124,-5.94,112.0085
2.513306124,-5.94,112.0895
2.525728644,-5.94,112.17
2.513306124,-5.94,112.2505
2.525728644,-5.935,112.331
2.513306124,-5.875,112.4115
2.525728644,-5.76,112.492
2.525728644,-5.685,112.572
2.538307427,-5.765,112.6515
2.501036032,-5.96,112.732
2.501036032,-5.995,112.814
2.488914671,-5.865,112.8965
2.501036032,-5.6,112.979
2.551046452,-5.19,113.059
2.551046452,-4.98,113.137
2.563949857,-4.92,113.2145
2.563949857,-4.855,113.2915
2.551046452,-4.87,113.369
2.551046452,-4.915,113.447
2.525728644,-5.105,113.526
2.525728644,-5.445,113.606
2.488914671,-5.36,113.6875
2.488914671,-4.835,113.7705
2.551046452,-4.57,113.851
2.551046452,-4.51,113.929
2.551046452,-4.39,114.007
2.551046452,-4.345,114.085
2.551046452,-4.375,114.163
2.538307427,-4.35,114.2415
2.551046452,-4.275,114.32
2.551046452,-4.415,114.398
2.488914671,-4.77,114.4785
2.501036032,-4.865,114.561
2.488914671,-4.69,114.6435
2.501036032,-4.465,114.726
2.525728644,-4.195,114.807
2.525728644,-3.905,114.887
2.563949857,-3.6,114.9655
2.577021939,-3.67,115.042
2.525728644,-4.105,115.12
2.513306124,-3.865,115.2005
2.617295838,-2.945,115.2775
2.617295838,-2.475,115.3505
2.645075402,-2.47,115.4225
2.645075402,-2.47,115.4935
2.645075402,-2.47,115.5645
2.645075402,-2.47,115.6355
2.63108916,-2.515,115.707
2.63108916,-2.6,115.779
2.603690186,-2.875,115.852
2.603690186,-3.34,115.926
2.551046452,-3.455,116.002
2.551046452,-3.21,116.08
2.590267165,-3.025,116.1565
2.577021939,-2.915,116.232
2.603690186,-2.87,116.307
2.590267165,-2.855,116.3815
2.603690186,-2.795,116.456
2.603690186,-2.735,116.53
2.603690186,-2.69,116.604
2.617295838,-2.67,116.6775
2.603690186,-2.67,116.751
2.617295838,-2.6,116.8245
2.63108916,-2.47,116.897
2.63108916,-2.26,116.969
2.673648774,-1.97,117.0395
2.673648774,-1.725,117.1085
2.718100537,-1.53,117.176
2.70306266,-1.44,117.2425
2.718100537,-1.535,117.309
2.718100537,-1.73,117.375
2.70306266,-1.71,117.4415
2.70306266,-1.475,117.5085
2.733368009,-1.515,117.5745
2.718100537,-1.835,117.64
2.70306266,-1.75,117.7065
2.718100537,-1.24,117.773
2.764620553,-1.12,117.8375
2.764620553,-1.4,117.9005
2.733368009,-1.605,117.9645
2.718100537,-1.76,118.03
2.718100537,-1.865,118.096
2.718100537,-1.83,118.162
2.733368009,-1.72,118.2275
2.733368009,-1.485,118.2925
2.780620894,-1.125,118.356
2.796881415,-0.935,118.4175
2.813410717,-0.93,118.478
2.813410717,-1.06,118.538
2.780620894,-1.325,118.599
2.796881415,-1.455,118.6605
2.796881415,-1.285,118.7215
2.796881415,-0.96,118.7825
2.864704011,-0.685,118.8415
2.847312268,-0.44,118.899
2.864704011,-0.675,118.9565
2.864704011,-1.405,119.0135
2.796881415,-1.62,119.0725
2.780620894,-1.315,119.134
2.847312268,-1.16,119.194
2.830217835,-1,119.2525
2.882403588,-0.675,119.31
2.882403588,-0.73,119.366
2.847312268,-1.175,119.423
2.847312268,-1.4,119.481
2.830217835,-1.365,119.5395
2.847312268,-1.3,119.598
2.864704011,-1.17,119.6555
2.847312268,-1.08,119.713
2.864704011,-1.2,119.7705
2.864704011,-1.155,119.8275
2.900422094,-0.84,119.8835
2.882403588,-0.875,119.939
2.864704011,-1.27,119.9955
2.864704011,-1.47,120.0525
2.847312268,-1.315,120.11
2.864704011,-1.01,120.1675
2.882403588,-0.97,120.224
2.900422094,-1.185,120.2795
2.882403588,-1.19,120.335
2.864704011,-0.98,120.3915
2.900422094,-0.865,120.4475
2.900422094,-0.86,120.5025
2.900422094,-0.745,120.5575
2.918771232,-0.52,120.612
2.937463365,-0.275,120.6655
2.937463365,-0.005,120.7185
2.975929646,0.075,120.7705
2.95651156,-0.04,120.822
2.95651156,-0.17,120.874
2.937463365,-0.365,120.9265
2.918771232,-0.54,120.98
2.900422094,-0.585,121.0345
2.900422094,-0.665,121.0895
2.900422094,-0.84,121.1445
2.882403588,-0.925,121.2
2.864704011,-0.695,121.2565
2.918771232,-0.235,121.312
2.918771232,-0.16,121.366
2.900422094,-0.485,121.4205
2.900422094,-0.645,121.4755
2.900422094,-0.63,121.5305
2.882403588,-0.61,121.586
2.882403588,-0.6,121.642
2.882403588,-0.46,121.698
2.900422094,-0.175,121.7535
2.918771232,-0.03,121.808
2.937463365,0.125,121.8615
2.918771232,0.43,121.915
2.975929646,0.585,121.9675
2.95651156,0.35,122.019
2.900422094,-0.13,122.0725
2.918771232,-0.19,122.127
2.918771232,0.155,122.181
2.918771232,0.365,122.235
2.937463365,0.455,122.2885
2.95651156,0.41,122.341
2.918771232,0.225,122.394
2.918771232,0.13,122.448
2.900422094,0.2,122.5025
2.900422094,0.33,122.5575
2.918771232,0.285,122.612
2.900422094,0.065,122.6665
2.864704011,-0.22,122.7225
2.847312268,-0.57,122.78
2.830217835,-0.525,122.8385
2.830217835,-0.195,122.8975
2.847312268,-0.205,122.956
2.847312268,-0.365,123.014
2.813410717,-0.46,123.073
2.813410717,-0.375,123.133
2.847312268,-0.095,123.192
2.830217835,0.295,123.2505
2.918771232,0.78,123.307
2.900422094,0.825,123.3615
2.882403588,0.425,123.417
2.864704011,0.245,123.4735
2.864704011,0.305,123.5305
2.847312268,0.295,123.588
2.847312268,0.205,123.646
2.847312268,0.3,123.704
2.864704011,0.575,123.7615
2.864704011,0.715,123.8185
2.864704011,0.67,123.8755
2.864704011,0.565,123.9325
2.847312268,0.455,123.99
2.847312268,0.735,124.048
2.882403588,1.155,124.105
2.900422094,0.915,124.1605
2.830217835,0.595,124.2175
2.847312268,0.6,124.276
2.830217835,0.55,124.3345
2.847312268,0.45,124.393
2.830217835,0.45,124.4515
2.813410717,0.54,124.511
2.847312268,0.6,124.57
2.830217835,0.635,124.6285
2.847312268,0.635,124.687
2.830217835,0.61,124.7455
2.847312268,0.6,124.804
2.830217835,0.625,124.8625
2.813410717,0.46,124.922
2.813410717,0.065,124.982
2.764620553,-0.05,125.0435
2.780620894,0.14,125.106
2.796881415,0.355,125.1675
2.796881415,0.58,125.2285
2.830217835,0.82,125.2885
2.830217835,1.085,125.3475
2.847312268,1.07,125.406
2.847312268,0.765,125.464
2.830217835,0.715,125.5225
2.813410717,0.92,125.582
2.830217835,1.045,125.6415
2.847312268,1.09,125.7
2.830217835,0.935,125.7585
2.830217835,0.595,125.8175
2.796881415,0.44,125.8775
2.780620894,0.49,125.939
2.796881415,0.57,126.0005
2.813410717,0.58,126.061
2.796881415,0.51,126.1215
2.780620894,0.425,126.183
2.780620894,0.33,126.245
2.780620894,0.225,126.307
2.780620894,0.35,126.369
2.780620894,0.78,126.431
2.830217835,1.015,126.4915
2.830217835,0.985,126.5505
2.813410717,0.95,126.61
2.813410717,0.915,126.67
2.830217835,1.08,126.7295
2.830217835,1.435,126.7885
2.864704011,1.77,126.8465
2.882403588,2.215,126.903
2.937463365,2.62,126.9575
2.937463365,2.405,127.0105
2.882403588,1.74,127.065
2.864704011,1.57,127.1215
2.882403588,1.9,127.178
2.882403588,2.065,127.234
2.900422094,2.055,127.2895
2.900422094,2.045,127.3445
2.900422094,2.085,127.3995
2.900422094,2.175,127.4545
2.937463365,2.275,127.5085
2.918771232,2.385,127.562
2.937463365,2.44,127.6155
2.937463365,2.45,127.6685
2.95651156,2.415,127.721
2.937463365,2.33,127.7735
2.937463365,2.345,127.8265
2.95651156,2.46,127.879
2.95651156,2.445,127.931
2.937463365,2.295,127.9835
2.95651156,2.325,128.036
2.95651156,2.505,128.088
2.95651156,2.535,128.14
2.975929646,2.325,128.1915
2.937463365,2.11,128.2435
2.937463365,2.16,128.2965
2.95651156,2.375,128.349
2.975929646,2.605,128.4005
2.975929646,2.71,128.4515
2.995732274,2.69,128.502
2.995732274,2.59,128.552
2.975929646,2.64,128.6025
3.015934981,3.005,128.6525
3.015934981,3.195,128.7015
3.036554268,3.12,128.75
3.036554268,3.07,128.798
3.015934981,2.885,128.8465
3.015934981,2.54,128.8955
2.975929646,2.24,128.9455
2.975929646,1.99,128.9965
2.95651156,2.015,129.048
2.95651156,2.305,129.1
2.975929646,2.325,129.1515
2.995732274,2.08,129.202
2.937463365,1.83,129.2535
2.95651156,1.57,129.306
2.918771232,1.43,129.359
2.918771232,1.405,129.413
2.937463365,1.61,129.4665
2.937463365,2.04,129.5195
2.995732274,2.385,129.571
3.015934981,2.65,129.6205
3.015934981,2.49,129.6695
3.015934981,1.435,129.7185
2.830217835,0.18,129.7725
2.830217835,0.125,129.8315
2.900422094,0.99,129.8885
2.900422094,1.6,129.9435
2.975929646,1.97,129.9965
2.975929646,2.055,130.0475
2.975929646,1.84,130.0985
2.95651156,1.665,130.15
2.937463365,1.455,130.2025
2.937463365,1.225,130.2555
2.918771232,1.305,130.309
2.918771232,1.64,130.363
2.975929646,1.8,130.4155
2.95651156,1.515,130.467
2.882403588,0.96,130.521
2.900422094,0.78,130.5765
2.882403588,0.86,130.632
2.882403588,0.715,130.688
2.864704011,0.58,130.7445
2.864704011,0.55,130.8015
2.847312268,0.465,130.859
2.847312268,0.32,130.917
2.830217835,0.19,130.9755
2.830217835,0.005,131.0345
2.796881415,-0.22,131.0945
2.796881415,-0.37,131.1555
2.780620894,-0.485,131.217
2.780620894,-0.55,131.279
2.780620894,-0.57,131.341
2.764620553,-0.685,131.4035
2.764620553,-0.605,131.4665
2.764620553,-0.13,131.5295
2.796881415,-0.165,131.5915
2.813410717,-0.815,131.652
2.688247574,-1.34,131.716
2.70306266,-1.74,131.7835
2.645075402,-1.835,131.8525
2.659260037,-1.62,131.923
2.673648774,-1.495,131.9925
2.673648774,-1.465,132.0615
2.645075402,-1.66,132.1315
2.659260037,-2.075,132.202
2.590267165,-2.255,132.2745
2.603690186,-2.355,132.349
2.551046452,-2.63,132.425
2.563949857,-2.78,132.5025
2.551046452,-2.69,132.58
2.551046452,-2.51,132.658
2.563949857,-2.43,132.7355
2.563949857,-2.48,132.8125
2.538307427,-2.545,132.8905
2.551046452,-2.575,132.969
2.551046452,-2.58,133.047
2.538307427,-2.67,133.1255
2.501036032,-2.96,133.206
2.501036032,-3.26,133.288
2.465104022,-3.485,133.3715
2.453407983,-3.725,133.457
2.430418465,-3.765,133.544
2.430418465,-3.615,133.632
2.430418465,-3.635,133.72
2.44184716,-3.83,133.8075
2.419118909,-3.755,133.8955
2.430418465,-3.405,133.984
2.465104022,-3.23,134.0705
2.465104022,-3.52,134.1555
2.396895772,-4.11,134.2435
2.396895772,-4.435,134.3345
2.364460497,-4.465,134.427
2.353878387,-4.68,134.5215
2.312635429,-5.085,134.6185
2.312635429,-5.34,134.7175
2.26336438,-5.57,134.819
2.273026291,-5.835,134.9225
2.225624052,-6.01,135.028
2.225624052,-5.925,135.136
2.253794929,-5.75,135.2425
2.253794929,-6.065,135.3475
2.18036746,-6.68,135.4565
2.18036746,-6.935,135.5695
2.162823151,-6.89,135.6835
2.171556831,-7.03,135.798
2.137070655,-7.22,135.914
2.145581344,-7.37,136.0315
2.137070655,-7.39,136.149
2.145581344,-7.065,136.2665
2.189256408,-6.87,136.381
2.189256408,-7.02,136.493
2.162823151,-7.23,136.6065
2.171556831,-7.32,136.721
2.171556831,-7.225,136.835
2.171556831,-7.325,136.949
2.145581344,-7.66,137.0645
2.145581344,-7.625,137.1815
2.171556831,-7.415,137.297
2.171556831,-7.465,137.411
2.18036746,-7.415,137.5245
2.18036746,-7.4,137.6375
2.154165088,-7.725,137.752
2.162823151,-7.78,137.8675
2.18036746,-7.56,137.9815
2.18036746,-7.66,138.0945
2.162823151,-7.875,138.2085
2.154165088,-7.955,138.324
2.171556831,-7.85,138.439
2.162823151,-7.585,138.5535
2.216407397,-7.46,138.6655
2.207274913,-7.51,138.775
2.198225078,-7.715,138.8855
2.198225078,-8.195,138.9965
2.120263536,-8.7,139.112
2.120263536,-9.065,139.232
2.095570924,-9.09,139.3535
2.103734234,-8.765,139.476
2.145581344,-8.655,139.5955
2.145581344,-8.695,139.7125
2.154165088,-8.67,139.829
2.154165088,-8.63,139.945
2.171556831,-8.445,140.06
2.18036746,-8.3,140.1735
2.18036746,-8.415,140.2865
2.189256408,-8.465,140.399
2.189256408,-8.4,140.511
2.198225078,-8.55,140.6225
2.162823151,-8.78,140.7355
2.171556831,-8.76,140.85
2.189256408,-8.545,140.963
2.189256408,-8.535,141.075
2.18036746,-8.815,141.1875
2.171556831,-8.905,141.301
2.198225078,-8.58,141.4135
2.198225078,-8.39,141.5245
2.207274913,-8.555,141.635
2.198225078,-8.635,141.7455
2.207274913,-8.49,141.856
2.207274913,-8.245,141.966
2.225624052,-8.35,142.075
2.216407397,-8.67,142.1835
2.207274913,-8.565,142.293
2.198225078,-8.345,142.4035
2.216407397,-8.425,142.5135
2.207274913,-8.62,142.623
2.189256408,-8.64,142.734
2.18036746,-8.545,142.8465
2.198225078,-8.45,142.9585
2.189256408,-8.465,143.07
2.189256408,-8.375,143.182
2.189256408,-8.165,143.294
2.189256408,-8.24,143.406
2.198225078,-8.305,143.5175
2.171556831,-8.37,143.63
2.171556831,-8.61,143.744
2.128631786,-8.705,143.8605
2.137070655,-8.63,143.979
2.137070655,-8.495,144.097
2.145581344,-8.25,144.2145
2.162823151,-8.13,144.3305
2.162823151,-8.24,144.4455
2.137070655,-8.325,144.562
2.128631786,-8.34,144.6805
2.111964733,-8.495,144.8005
2.111964733,-8.76,144.9215
2.087473713,-8.615,145.044
2.087473713,-8.155,145.168
2.128631786,-8.065,145.2895
2.128631786,-8.155,145.4085
2.128631786,-7.92,145.5275
2.128631786,-7.75,145.6465
2.120263536,-7.82,145.766
2.128631786,-7.89,145.8855
2.103734234,-8.07,146.006
2.095570924,-8.265,146.1285
2.071473372,-8.255,146.253
2.071473372,-8.045,146.379
2.095570924,-7.95,146.5035
2.095570924,-8.065,146.6265
2.063568193,-8.22,146.7515
2.063568193,-8.465,146.8785
2.024953356,-8.555,147.008
2.032557956,-8.415,147.1395
2.032557956,-8.395,147.2705
2.040220829,-8.38,147.401
2.055725015,-8.155,147.53
2.055725015,-7.995,147.658
2.071473372,-7.925,147.785
2.071473372,-7.785,147.911
2.087473713,-7.765,148.036
2.087473713,-7.9,148.16
2.055725015,-8,148.286
2.063568193,-8.01,148.4135
2.063568193,-7.94,148.5405
2.063568193,-7.915,148.6675
2.055725015,-7.985,148.795
2.055725015,-8.02,148.923
2.047942875,-8.085,149.0515
2.047942875,-8.1,149.1805
2.047942875,-8.01,149.3095
2.047942875,-8.11,149.4385
2.032557956,-8.285,149.5685
2.024953356,-8.395,149.7
2.009915479,-8.46,149.833
2.009915479,-8.06,149.967
2.087473713,-7.595,150.096
2.087473713,-7.61,150.22
2.079441542,-7.67,150.3445
2.079441542,-7.74,150.4695
2.063568193,-7.84,150.5955
2.071473372,-7.78,150.722
2.079441542,-7.67,150.8475
2.079441542,-7.58,150.9725
2.087473713,-7.605,151.097
2.087473713,-7.595,151.221
2.095570924,-7.49,151.3445
2.095570924,-7.56,151.4675
2.079441542,-7.65,151.5915
2.087473713,-7.625,151.716
2.087473713,-7.59,151.84
2.087473713,-7.455,151.964
2.111964733,-7.335,152.0865
2.111964733,-7.435,152.2075
2.103734234,-7.44,152.329
2.095570924,-7.135,152.4515
2.145581344,-6.945,152.5715
2.145581344,-7.195,152.6885
2.111964733,-7.42,152.8075
2.103734234,-7.08,152.929
2.171556831,-6.68,153.047
2.171556831,-6.735,153.161
2.154165088,-6.885,153.276
2.154165088,-6.91,153.392
2.145581344,-7.065,153.5085
2.137070655,-7.32,153.626
2.111964733,-7.4,153.7455
2.111964733,-7.39,153.8665
2.087473713,-7.61,153.989
2.095570924,-7.855,154.1125
2.063568193,-7.89,154.2375
2.071473372,-7.79,154.364
2.079441542,-7.73,154.4895
2.087473713,-7.96,154.614
2.055725015,-8.115,154.74
2.047942875,-7.97,154.8685
2.087473713,-7.75,154.995
2.087473713,-7.565,155.119
2.103734234,-7.58,155.242
2.103734234,-7.655,155.364
2.095570924,-7.71,155.4865
2.103734234,-7.73,155.609
2.120263536,-7.455,155.73
2.120263536,-7.42,155.85
2.095570924,-7.835,155.9715
2.087473713,-8.08,156.095
2.087473713,-7.92,156.219
2.095570924,-7.68,156.3425
2.111964733,-7.67,156.4645
2.111964733,-7.68,156.5855
2.103734234,-7.89,156.707
2.095570924,-8,156.8295
2.128631786,-7.615,156.9505
2.120263536,-7.61,157.07
2.063568193,-8.425,157.1935
2.055725015,-8.9,157.321
2.040220829,-8.665,157.45
2.040220829,-8.685,157.58
2.063568193,-8.45,157.7085
2.063568193,-8.07,157.8355
2.087473713,-8.145,157.961
2.087473713,-8.305,158.085
2.087473713,-8.145,158.209
2.087473713,-8.13,158.333
2.047942875,-8.62,158.4595
2.047942875,-8.575,158.5885
2.071473372,-8.39,158.716
2.071473372,-8.79,158.842
2.024953356,-8.81,158.971
2.032557956,-8.355,159.1025
2.071473372,-8.345,159.231
2.063568193,-8.505,159.3575
2.055725015,-8.52,159.485
2.047942875,-8.565,159.6135
2.047942875,-8.54,159.7425
2.047942875,-8.545,159.8715
2.071473372,-8.215,159.999
2.079441542,-7.765,160.1245
2.103734234,-7.8,160.248
2.103734234,-7.79,160.37
2.111964733,-7.71,160.4915
2.111964733,-7.84,160.6125
2.128631786,-7.45,160.7325
2.137070655,-6.95,160.851
2.189256408,-6.78,160.966
2.18036746,-6.88,161.0785
2.120263536,-7.59,161.195
2.111964733,-7.835,161.3155
2.137070655,-7.345,161.435
2.137070655,-6.845,161.553
2.198225078,-6.67,161.6675
2.198225078,-6.305,161.7785
2.282782466,-5.58,161.885
2.292634762,-5.45,161.9865
2.244316185,-6.105,162.09
2.253794929,-5.97,162.1955
2.273026291,-5.815,162.2995
2.26336438,-6.32,162.403
2.216407397,-6.455,162.5095
2.216407397,-6.24,162.6185
2.244316185,-6.095,162.726
2.253794929,-6.505,162.8315
2.189256408,-6.715,162.94
2.189256408,-6.725,163.052
2.18036746,-6.785,163.1645
2.189256408,-7.095,163.277
2.154165088,-7.125,163.391
2.154165088,-6.96,163.507
2.171556831,-6.93,163.622
2.162823151,-7.135,163.7365
2.128631786,-7.41,163.8535
2.128631786,-7.43,163.9725
2.103734234,-7.745,164.093
2.103734234,-7.69,164.215
2.128631786,-7.395,164.3355
2.137070655,-7.205,164.454
2.162823151,-7.14,164.5705
2.154165088,-7.215,164.686
2.189256408,-6.89,164.8
2.189256408,-6.6,164.912
2.234926445,-6.41,165.0215
2.225624052,-5.84,165.129
2.3227878,-5.525,165.232
2.312635429,-6.095,165.3305
2.234926445,-6.51,165.4335
2.234926445,-6.28,165.5405
2.253794929,-6.33,165.6465
2.244316185,-6.885,165.752
2.189256408,-7.14,165.861
2.189256408,-7.04,165.973
2.198225078,-7.025,166.0845
2.207274913,-6.905,166.195
2.207274913,-7.02,166.305
2.216407397,-7.31,166.4145
2.171556831,-7.525,166.526
2.171556831,-7.71,166.64
2.171556831,-7.67,166.754
2.171556831,-7.92,166.868
2.120263536,-8.36,166.985
2.128631786,-8.515,167.1045
2.103734234,-8.67,167.225
2.103734234,-8.44,167.347
2.162823151,-8.2,167.4655
2.162823151,-8.365,167.5805
2.154165088,-8.37,167.696
2.162823151,-8.305,167.8115
2.189256408,-8.065,167.925
2.198225078,-7.9,168.0365
2.207274913,-8.075,168.147
2.198225078,-8.37,168.2575
2.18036746,-8.55,168.3695
2.171556831,-8.25,168.483
2.207274913,-8.205,168.595
2.216407397,-8.415,168.7045
2.207274913,-8.255,168.814
2.216407397,-8.23,168.9235
2.244316185,-7.995,169.031
2.234926445,-7.775,169.1375
2.26336438,-7.86,169.243
2.253794929,-8.135,169.3475
2.216407397,-8.35,169.4545
2.216407397,-8.12,169.5635
2.26336438,-7.875,169.67
2.26336438,-7.86,169.774
2.253794929,-7.96,169.8785
2.253794929,-8.005,169.9835
2.244316185,-7.97,170.089
2.253794929,-7.725,170.1945
2.302585093,-7.345,170.297
2.292634762,-6.89,170.3975
2.353878387,-6.635,170.4955
2.364460497,-6.76,170.59
2.3330443,-6.805,170.6855
2.3330443,-6.825,170.7825
2.302585093,-6.995,170.881
2.312635429,-6.82,170.9805
2.353878387,-6.46,171.0775
2.343407088,-6.33,171.173
2.364460497,-6.31,171.268
2.353878387,-6.05,171.3625
2.430418465,-5.445,171.454
2.430418465,-5.455,171.542
2.364460497,-6.15,171.633
2.375155786,-6.67,171.7265
2.312635429,-6.74,171.8225
2.3227878,-6.81,171.921
2.282782466,-7.155,172.021
2.282782466,-7.005,172.123
2.343407088,-6.47,172.222
2.343407088,-6.14,172.318
2.343407088,-6.45,172.414
2.343407088,-7.05,172.51
2.302585093,-6.93,172.608
2.302585093,-6.81,172.708
2.244316185,-7.49,172.811
2.253794929,-7.485,172.9165
2.3227878,-6.58,173.018
2.3227878,-6.215,173.116
2.302585093,-6.84,173.215
2.302585093,-7.145,173.315
2.292634762,-6.98,173.4155
2.282782466,-7.365,173.517
2.216407397,-7.85,173.6225
2.216407397,-8.1,173.7315
2.189256408,-8.145,173.842
2.189256408,-7.835,173.954
2.244316185,-7.545,174.063
2.234926445,-7.6,174.1695
2.234926445,-7.575,174.2765
2.244316185,-7.615,174.383
2.234926445,-7.515,174.4895
2.234926445,-7.1,174.5965
2.273026291,-7,174.7015
2.273026291,-7.035,174.8045
2.26336438,-7.045,174.908
2.26336438,-6.715,175.012
2.353878387,-6.02,175.1115
2.353878387,-5.825,175.2065
2.312635429,-6.385,175.3035
2.312635429,-6.8,175.4025
2.302585093,-6.46,175.502
2.312635429,-6.1,175.6015
2.343407088,-5.985,175.699
2.343407088,-6.02,175.795
2.3227878,-6.18,175.892
2.3227878,-6.095,175.99
2.343407088,-5.97,176.087
2.343407088,-6.08,176.183
2.3227878,-6.15,176.28
2.3227878,-6.5,176.378
2.244316185,-7.045,176.48
2.244316185,-6.67,176.586
2.3330443,-6.065,176.6875
2.3330443,-6.52,176.7845
2.234926445,-7.11,176.8865
2.234926445,-7.225,176.9935
2.207274913,-7.395,177.102
2.216407397,-7.445,177.2115
2.207274913,-7.415,177.321
2.198225078,-7.54,177.4315
2.189256408,-7.56,177.543
2.189256408,-7.365,177.655
2.198225078,-7.34,177.7665
2.198225078,-7.285,177.8775
2.225624052,-7.07,177.987
2.216407397,-6.97,178.0955
2.234926445,-6.9,178.2035
2.234926445,-7.16,178.3105
2.18036746,-7.42,178.4205
2.18036746,-7.19,178.5335
2.216407397,-7.005,178.6445
2.216407397,-7.16,178.7535
2.171556831,-7.445,178.865
2.18036746,-7.915,178.9785
2.111964733,-8.17,179.0955
2.111964733,-8.215,179.2165
2.095570924,-8.315,179.3385
2.087473713,-7.925,179.462
2.198225078,-7.135,179.5795
2.198225078,-6.71,179.6905
2.225624052,-6.825,179.8
2.216407397,-6.915,179.9085
2.253794929,-6.455,180.0155
2.244316185,-5.69,180.121
2.343407088,-5.395,180.222
2.3330443,-5.94,180.3185
2.253794929,-6.365,180.4195
2.253794929,-6.345,180.5245
2.26336438,-6.315,180.629
2.253794929,-6.36,180.7335
2.273026291,-6.075,180.8375
2.273026291,-5.675,180.9405
2.312635429,-5.64,181.0415
2.312635429,-5.48,181.1405
2.3227878,-5.525,181.239
2.312635429,-6.185,181.3375
2.207274913,-6.78,181.442
2.216407397,-6.36,181.5515
2.273026291,-6,181.6575
2.273026291,-6.485,181.7605
2.198225078,-6.74,181.8675
2.207274913,-6.83,181.978
2.171556831,-7.125,182.09
2.171556831,-7.585,182.204
2.087473713,-7.935,182.323
2.095570924,-7.76,182.4465
2.120263536,-7.59,182.568
2.111964733,-7.87,182.6885
2.111964733,-7.685,182.8095
2.103734234,-7.495,182.931
2.087473713,-7.735,183.054
2.095570924,-8.175,183.1775
2.032557956,-8.345,183.3045
2.032557956,-7.875,183.4355
2.063568193,-7.905,183.5645
2.063568193,-8.185,183.6915
2.040220829,-8.14,183.82
2.032557956,-7.935,183.9505
2.047942875,-7.945,184.0805
2.047942875,-7.735,184.2095
2.103734234,-7.235,184.335
2.111964733,-7.91,184.4565
1.987774353,-8.465,184.5855
1.995100393,-7.98,184.722
2.032557956,-7.925,184.8555
2.032557956,-8.165,184.9865
2.024953356,-7.99,185.118
2.024953356,-7.845,185.25
1.987774353,-8.33,185.3845
1.995100393,-8.605,185.521
2.009915479,-8.065,185.656
2.009915479,-7.77,185.79
2.017406151,-7.94,185.9235
2.017406151,-7.965,186.0565
2.009915479,-8.045,186.19
2.002480501,-7.91,186.3245
2.017406151,-7.885,186.4585
2.017406151,-8.015,186.5915
2.032557956,-7.65,186.7235
2.040220829,-7.315,186.854
2.040220829,-7.51,186.984
2.040220829,-7.945,187.114
2.002480501,-7.96,187.2465
1.995100393,-7.6,187.382
2.063568193,-7.215,187.5135
2.055725015,-7.02,187.641
2.040220829,-7.45,187.77
2.032557956,-7.855,187.9005
2.002480501,-7.735,188.0335
2.002480501,-7.775,188.1685
2.002480501,-7.715,188.3035
2.002480501,-7.485,188.4385
2.024953356,-7.28,188.572
2.032557956,-6.87,188.7035
2.087473713,-6.56,188.831
2.095570924,-6.78,188.9545
2.040220829,-7.05,189.081
2.040220829,-6.825,189.211
2.095570924,-6.325,189.3375
2.095570924,-6.145,189.4605
2.087473713,-6.38,189.584
2.087473713,-6.245,189.708
2.128631786,-5.805,189.8295
2.137070655,-5.225,189.948
2.207274913,-4.815,190.062
2.207274913,-4.755,190.172
2.225624052,-4.615,190.281
2.216407397,-4.055,190.3895
2.302585093,-3.64,190.494
2.302585093,-4.155,190.594
2.18036746,-4.905,190.7005
2.189256408,-5.265,190.813
2.137070655,-5.43,190.928
2.137070655,-5.53,191.046
2.128631786,-5.455,191.1645
2.128631786,-5.41,191.2835
2.145581344,-5.215,191.4015
2.137070655,-4.9,191.519
2.162823151,-4.925,191.6355
2.162823151,-5.265,191.7505
2.095570924,-5.68,191.8695
2.095570924,-5.93,191.9925
2.055725015,-5.99,192.118
2.063568193,-5.66,192.2455
2.087473713,-5.595,192.371
2.087473713,-6.025,192.495
2.024953356,-6.245,192.623
2.024953356,-6.53,192.755
1.995100393,-6.515,192.889
1.995100393,-5.965,193.025
2.055725015,-5.785,193.157
2.047942875,-5.885,193.2855
2.055725015,-5.755,193.414
2.047942875,-5.41,193.5425
2.111964733,-4.995,193.6675
2.111964733,-4.665,193.7885
2.128631786,-4.745,193.9085
2.128631786,-4.875,194.0275
2.145581344,-4.51,194.1455
2.137070655,-4.65,194.263
2.087473713,-5.145,194.384
2.087473713,-5.06,194.508
2.103734234,-4.855,194.631
2.103734234,-4.865,194.753
2.063568193,-5.2,194.8775
2.071473372,-5.68,195.004
2.002480501,-5.915,195.1345
2.002480501,-5.865,195.2695
2.009915479,-5.755,195.404
2.009915479,-5.66,195.538
2.017406151,-5.655,195.6715
2.017406151,-5.72,195.8045
2.017406151,-5.585,195.9375
2.024953356,-5.41,196.07
2.071473372,-4.93,196.199
2.071473372,-4.265,196.325
2.111964733,-4.45,196.4485
2.111964733,-5.015,196.5695
2.055725015,-5.07,196.694
2.055725015,-4.88,196.822
2.079441542,-4.83,196.9485
2.071473372,-4.85,197.074
2.095570924,-4.565,197.1985
2.103734234,-4.39,197.321
2.111964733,-4.275,197.4425
2.120263536,-3.96,197.563
2.154165088,-3.825,197.681
2.162823151,-3.805,197.7965
2.162823151,-3.745,197.9115
2.154165088,-3.44,198.027
2.207274913,-3.245,198.14
2.198225078,-3.185,198.2505
2.225624052,-3.02,198.36
2.216407397,-3.165,198.4685
2.18036746,-3.605,198.5795
2.171556831,-3.73,198.693
2.18036746,-3.51,198.8065
2.18036746,-3.515,198.9195
2.189256408,-3.4,199.032
2.189256408,-2.985,199.144
2.225624052,-2.875,199.254
2.234926445,-2.815,199.3615
2.244316185,-2.73,199.468
2.244316185,-2.925,199.574
2.244316185,-2.65,199.68
2.253794929,-2.125,199.7855
2.282782466,-2.22,199.889
2.282782466,-2.45,199.991
2.244316185,-2.65,200.095
2.253794929,-2.83,200.2005
2.225624052,-2.81,200.307
2.234926445,-2.685,200.4145
2.282782466,-2.245,200.519
2.273026291,-1.695,200.6215
2.3227878,-1.725,200.722
2.3227878,-2.035,200.82
2.292634762,-2.05,200.9195
2.302585093,-2.125,201.02
2.282782466,-2.17,201.121
2.282782466,-2.21,201.223
2.273026291,-2.18,201.3255
2.282782466,-1.775,201.428
2.302585093,-1.965,201.529
2.292634762,-2.495,201.6295
2.244316185,-2.55,201.733
2.253794929,-2.525,201.8385
2.253794929,-2.445,201.9435
2.253794929,-2.32,202.0485
2.26336438,-2.39,202.153
2.253794929,-2.435,202.2575
2.282782466,-2.18,202.361
2.273026291,-1.94,202.4635
2.282782466,-2.12,202.566
2.282782466,-2.45,202.668
2.244316185,-2.495,202.772
2.244316185,-2.58,202.878
2.216407397,-2.825,202.9855
2.225624052,-2.975,203.094
2.189256408,-3.065,203.204
2.198225078,-2.905,203.3155
2.216407397,-2.775,203.4255
2.225624052,-3.045,203.534
2.18036746,-3.21,203.6445
2.171556831,-3.055,203.758
2.216407397,-2.75,203.8695
2.216407397,-2.67,203.9785
2.198225078,-2.975,204.0885
2.189256408,-3.36,204.2
2.137070655,-3.62,204.315
2.137070655,-3.685,204.433
2.128631786,-3.655,204.5515
2.128631786,-3.79,204.6705
2.079441542,-4.1,204.7925
2.087473713,-4.3,204.917
2.055725015,-4.4,205.043
2.055725015,-4.7,205.171
2.002480501,-5,205.3025
1.995100393,-4.86,205.438
2.032557956,-4.53,205.5715
2.040220829,-4.505,205.702
2.017406151,-4.635,205.8335
2.017406151,-4.46,205.9665
2.040220829,-4.32,206.098
2.032557956,-4.33,206.2285
2.040220829,-4.3,206.359
2.032557956,-4.4,206.4895
2.017406151,-4.43,206.6215
2.017406151,-4.42,206.7545
2.002480501,-4.49,206.8885
2.002480501,-4.31,207.0235
2.040220829,-4.065,207.156
2.032557956,-4.185,207.2865
2.032557956,-4.025,207.4175
2.032557956,-3.755,207.5485
2.055725015,-3.745,207.678
2.047942875,-3.635,207.8065
2.055725015,-3.595,207.935
2.063568193,-3.575,208.0625
2.047942875,-3.625,208.1905
2.055725015,-3.38,208.319
2.103734234,-2.97,208.444
2.095570924,-3.025,208.5665
2.063568193,-3.36,208.6915
2.063568193,-3.64,208.8185
2.040220829,-3.605,208.947
2.032557956,-3.53,209.0775
2.055725015,-3.325,209.207
2.055725015,-2.79,209.335
2.111964733,-2.575,209.4595
2.103734234,-2.655,209.581
2.087473713,-2.79,209.704
2.087473713,-2.85,209.828
2.095570924,-2.56,209.9515
2.095570924,-2.235,210.0745
2.128631786,-2.175,210.1955
2.120263536,-2.425,210.315
2.079441542,-2.655,210.4375
2.071473372,-2.615,210.563
2.079441542,-2.545,210.6885
2.079441542,-2.405,210.8135
2.087473713,-2.445,210.938
2.079441542,-2.705,211.0625
2.079441542,-2.4,211.1875
2.079441542,-2.015,211.3125
2.111964733,-1.92,211.4355
2.111964733,-1.99,211.5565
2.095570924,-2.12,211.6785
2.087473713,-2.05,211.802
2.111964733,-1.84,211.9245
2.103734234,-1.64,212.046
2.103734234,-1.85,212.168
2.103734234,-1.86,212.29
2.120263536,-1.575,212.411
2.120263536,-1.73,212.531
2.095570924,-1.86,212.6525
2.087473713,-1.715,212.776
2.095570924,-1.745,212.8995
2.095570924,-1.94,213.0225
2.095570924,-1.755,213.1455
2.087473713,-1.4,213.269
2.111964733,-1.465,213.3915
2.111964733,-1.54,213.5125
2.103734234,-1.45,213.634
2.103734234,-1.405,213.756
2.095570924,-1.51,213.8785
2.103734234,-1.595,214.001
2.095570924,-1.47,214.1235
2.095570924,-1.325,214.2465
2.095570924,-1.34,214.3695
2.103734234,-1.53,214.492
2.087473713,-1.535,214.615
2.079441542,-1.32,214.7395
2.120263536,-1.13,214.862
2.111964733,-0.965,214.9825
2.120263536,-1.065,215.103
2.111964733,-1.48,215.2235
2.071473372,-1.595,215.347
2.063568193,-1.62,215.4735
2.032557956,-2.035,215.6025
2.024953356,-2.335,215.734
2.002480501,-2.25,215.8675
2.009915479,-2.125,216.002
2.009915479,-2.12,216.136
2.009915479,-1.745,216.27
2.079441542,-1.22,216.3995
2.079441542,-1.01,216.5245
2.087473713,-1.1,216.649
2.087473713,-1.15,216.773
2.087473713,-0.965,216.897
2.087473713,-0.94,217.021
2.079441542,-1.075,217.1455
2.071473372,-1.165,217.271
2.055725015,-1.19,217.398
2.063568193,-1.68,217.5255
1.973281346,-2.11,217.6585
1.980501594,-1.945,217.797
1.987774353,-1.91,217.9345
1.980501594,-2.025,218.072
1.966112856,-2.14,218.211
1.958995389,-2.41,218.3515
1.890475442,-2.925,218.4975
1.890475442,-3.215,218.6485
1.877317358,-3.07,218.8005
1.870802677,-2.92,218.954
1.877317358,-2.94,219.1075
1.877317358,-3.075,219.2605
1.845160246,-3.26,219.416
1.845160246,-3.095,219.574
1.851509474,-3.13,219.7315
1.851509474,-3.895,219.8885
1.742969305,-4.34,220.0545
1.742969305,-4.27,220.2295
1.737271284,-4.33,220.405
1.731605546,-4.71,220.5815
1.682008605,-4.915,220.763
1.682008605,-4.595,220.949
1.714798428,-4.42,221.132
1.720369473,-4.76,221.3115
1.666008264,-4.96,221.4955
1.666008264,-4.92,221.6845
1.62455155,-5.365,221.8775
1.62964062,-5.985,222.074
1.555897146,-6.105,222.2775
1.560647748,-6.04,222.488
1.546463113,-6.135,222.6995
1.546463113,-6.64,222.9125
1.452434164,-7.18,223.136
1.452434164,-6.89,223.37
1.496109227,-6.635,223.599
1.496109227,-6.9,223.823
1.46967597,-6.955,224.05
1.46967597,-7.095,224.28
1.422958345,-7.465,224.5155
1.422958345,-7.615,224.7565
1.410587054,-7.575,224.999
1.414693836,-7.455,225.2425
1.422958345,-7.5,225.4845
1.418817553,-7.415,225.726
1.46967597,-6.925,225.962
1.46967597,-6.275,226.192
1.546463113,-6.055,226.4135
1.541779264,-6.21,226.627
1.541779264,-6.04,226.841
1.546463113,-5.435,227.0545
1.5847453,-5.475,227.2635
1.5847453,-6.275,227.4685
1.523260216,-6.155,227.68
1.523260216,-5.65,227.898
1.537117251,-5.875,228.1145
1.541779264,-6.25,228.329
1.47840965,-6.43,228.55
1.482805262,-6.785,228.7775
1.390302383,-7.37,229.0155
1.386294361,-7.66,229.265
1.370421012,-7.405,229.517
1.37436579,-7.155,229.7705
1.406497068,-6.965,230.0195
1.406497068,-6.655,230.2645
1.46967597,-6.255,230.502
1.465337568,-6.1,230.7325
1.439695138,-6.5,230.9665
1.443923474,-7.07,231.203
1.358679194,-7.335,231.4495
1.358679194,-7.265,231.7065
1.370421012,-7.1,231.962
1.37436579,-6.95,232.2155
1.398366942,-6.8,232.4655
1.402423743,-6.525,232.712
1.448169765,-6.245,232.9525
1.448169765,-6,233.1875
1.46967597,-6.01,233.42
1.46967597,-6.055,233.65
1.474033275,-5.95,233.8795
1.46967597,-6.025,234.109
1.491654877,-5.73,234.3365
1.491654877,-5.26,234.5615
1.541779264,-5.11,234.781
1.546463113,-5.025,234.9945
1.555897146,-4.955,235.2065
1.551169004,-4.735,235.418
1.599487582,-4.46,235.625
1.5945493,-4.295,235.8275
1.614450454,-4.25,236.0285
1.609437912,-4.225,236.228
1.62964062,-4.035,236.426
1.62455155,-3.855,236.6225
1.660731207,-3.62,236.816
1.660731207,-3.55,237.006
1.650259907,-3.685,237.197
1.650259907,-3.485,237.389
1.692819521,-3.065,237.577
1.698269126,-2.73,237.7605
1.742969305,-2.46,237.9395
1.742969305,-2.555,238.1145
1.714798428,-2.72,238.292
1.709258248,-2.44,238.4725
1.74869998,-2.22,238.65
1.74869998,-2.235,238.824
1.725971729,-2.45,239
1.725971729,-2.71,239.178
1.703748592,-2.605,239.358
1.709258248,-2.185,239.5395
1.754463684,-1.925,239.7165
1.760260802,-2.08,239.889
1.725971729,-2.185,240.064
1.731605546,-2.12,240.2415
1.742969305,-2,240.4175
1.737271284,-1.67,240.593
1.7837913,-1.425,240.765
1.7837913,-1.255,240.933
1.795767491,-1.14,241.1
1.801809805,-1.16,241.2655
1.801809805,-1.045,241.4305
1.801809805,-0.77,241.5955
1.857899272,-0.25,241.756
1.857899272,0.13,241.912
1.883874758,0.32,242.066
1.890475442,0.42,242.2175
1.897119985,0.695,242.368
1.897119985,1.38,242.518
1.966112856,1.735,242.663
1.958995389,1.865,242.8035
1.987774353,2.095,242.9425
1.980501594,2.145,243.08
1.973281346,1.995,243.2185
1.973281346,1.825,243.3575
1.944910649,1.705,243.4985
1.944910649,1.605,243.6415
1.924148657,1.425,243.786
1.931021537,1.21,243.9315
1.903808973,1.055,244.0785
1.903808973,0.84,244.2275
1.877317358,0.625,244.3785
1.883874758,0.51,244.531
1.851509474,0.14,244.6855
1.851509474,-0.36,244.8425
1.7837913,-0.915,245.005
1.777856564,-1.525,245.1735
1.698269126,-1.99,245.3495
1.703748592,-2.17,245.532
1.666008264,-2.355,245.7175
1.671313316,-2.84,245.906
1.599487582,-3.26,246.101
1.5945493,-3.49,246.3035
1.560647748,-3.7,246.51
1.560647748,-4.01,246.72
1.491654877,-4.495,246.9375
1.491654877,-5.025,247.1625
1.402423743,-5.515,247.398
1.402423743,-6.005,247.644
1.350927217,-6.155,247.8965
1.347073648,-5.98,248.156
1.38230234,-5.83,248.4115
1.38230234,-5.77,248.6625
1.398366942,-5.695,248.9115
1.402423743,-5.335,249.158
1.465337568,-4.975,249.3965
1.465337568,-5.055,249.6275
1.443923474,-5.32,249.861
1.443923474,-5.695,250.097
1.37436579,-6.155,250.3415
1.378326191,-6.6,250.594
1.316768298,-6.88,250.854
1.316768298,-6.98,251.122
1.305636458,-7.045,251.3915
1.305636458,-7.02,251.6625
1.32425897,-6.845,251.931
1.32425897,-6.65,252.197
1.339410775,-6.645,252.461
1.339410775,-6.95,252.723
1.301953213,-7.13,252.99
1.298283484,-6.965,253.2625
1.32425897,-6.845,253.532
1.32425897,-6.805,253.798
1.316768298,-6.925,254.065
1.316768298,-6.995,254.333
1.335601247,-6.76,254.5985
1.331806176,-6.69,254.862
1.32425897,-6.955,255.127
1.320506621,-7.13,255.3935
1.30933332,-7.115,255.662
1.313043899,-7.23,255.9315
1.290984181,-7.385,256.2035
1.290984181,-7.325,256.4785
1.331806176,-7,256.748
1.331806176,-6.635,257.012
1.38230234,-6.495,257.2695
1.38230234,-6.295,257.5205
1.410587054,-6.25,257.768
1.410587054,-6.455,258.012
1.410587054,-6.345,258.256
1.410587054,-5.74,258.5
1.505077897,-5.3,258.733
1.505077897,-5.505,258.955
1.448169765,-6.03,259.1835
1.452434164,-6.41,259.418
1.431291727,-6.49,259.6545
1.427116356,-6.375,259.894
1.439695138,-6.52,260.1325
1.439695138,-6.975,260.3695
1.410587054,-6.825,260.61
1.414693836,-6.25,260.8535
1.443923474,-6.28,261.093
1.448169765,-6.84,261.3285
1.37436579,-7.03,261.5725
1.37436579,-6.905,261.8255
1.38230234,-6.755,262.0775
1.378326191,-6.69,262.329
1.362577835,-6.6,262.583
1.366491734,-6.025,262.8385
1.443923474,-5.37,263.084
1.443923474,-5.275,263.32
1.414693836,-5.59,263.5595
1.410587054,-5.965,263.803
1.339410775,-6.275,264.056
1.339410775,-6.41,264.318
1.313043899,-6.395,264.5835
1.313043899,-6.525,264.8525
1.262308381,-6.82,265.1285
1.265848208,-6.94,265.411
1.22758267,-7.03,265.6985
1.231001477,-7.275,265.991
1.174414002,-7.5,266.2915
1.174414002,-7.64,266.6005
1.130102956,-7.775,266.9165
1.130102956,-7.675,267.2395
1.130102956,-7.585,267.5625
1.133203733,-7.84,267.885
1.078809661,-7.995,268.216
1.081755172,-8.035,268.5555
1.061316504,-8.07,268.898
1.058430499,-8.02,269.2445
1.044124103,-8.145,269.594
1.044124103,-8.305,269.946
1.021651248,-8.285,270.302
1.021651248,-8.39,270.662
0.994252273,-8.475,271.027
0.996958635,-8.43,271.3965
1.007857925,-8.31,271.7635
1.007857925,-8.175,272.1285
1.010601411,-8.29,272.493
1.013352445,-8.36,272.8565
1.007857925,-8.255,273.2205
1.010601411,-8.315,273.585
1.010601411,-8.275,273.949
1.010601411,-8.105,274.313
1.016111067,-8.19,274.676
1.013352445,-8.415,275.0385
1.013352445,-8.23,275.4015
1.010601411,-7.725,275.765
1.064210862,-7.69,276.1195
1.064210862,-7.855,276.4645
1.038458366,-7.99,276.814
1.03563749,-8.35,277.1685
1.02443289,-8.175,277.5255
1.021651248,-7.48,277.885
1.105636904,-7.395,278.2305
1.10262031,-7.68,278.562
1.090644119,-7.645,278.896
1.087672349,-7.6,279.2325
1.096614286,-7.655,279.568
1.096614286,-7.465,279.902
1.158362293,-7.07,280.226
1.161552088,-6.725,280.5395
1.241328591,-6.275,280.8405
1.241328591,-6.285,281.1295
1.21402314,-6.69,281.4225
1.21402314,-6.805,281.7195
1.220779923,-6.745,282.0155
1.220779923,-6.62,282.3105
1.248273063,-6.53,282.6015
1.248273063,-6.21,282.8885
1.305636458,-5.975,283.1675
1.305636458,-5.9,283.4385
1.347073648,-5.62,283.704
1.347073648,-5.37,283.964
1.370421012,-5.475,284.221
1.370421012,-5.695,284.475
1.366491734,-5.695,284.7295
1.362577835,-5.225,284.985
1.461017907,-4.7,285.229
1.461017907,-4.75,285.461
1.461017907,-4.775,285.693
1.461017907,-4.54,285.925
1.500583508,-4.39,286.1525
1.500583508,-4.34,286.3755
1.509592577,-4.33,286.5975
1.509592577,-4.44,286.8185
1.514127733,-4.325,287.039
1.518683549,-3.97,287.2585
1.555897146,-3.82,287.4735
1.560647748,-3.875,287.684
1.551169004,-3.95,287.895
1.551169004,-4.04,288.107
1.551169004,-3.93,288.319
1.555897146,-3.72,288.5305
1.57987911,-3.62,288.739
1.57987911,-3.455,288.945
1.5945493,-3.43,289.1495
1.599487582,-3.55,289.352
1.589635285,-3.485,289.555
1.5945493,-3.115,289.7585
1.63475572,-2.945,289.9575
1.63989712,-3.17,290.152
1.589635285,-3.47,290.351
1.5945493,-3.78,290.5545
1.546463113,-3.975,290.7625
1.551169004,-4.22,290.975
1.509592577,-4.45,291.1915
1.509592577,-4.45,291.4125
1.509592577,-4.435,291.6335
1.509592577,-4.435,291.8545
1.500583508,-4.555,292.0765
1.500583508,-4.885,292.2995
1.431291727,-5.295,292.5305
1.431291727,-5.83,292.7695
1.354795694,-6.175,293.018
1.350927217,-5.935,293.2765
1.406497068,-5.495,293.5285
1.402423743,-5.48,293.774
1.366491734,-5.885,294.0245
1.370421012,-6.305,294.279
1.30933332,-6.445,294.541
1.313043899,-6.175,294.8105
1.358679194,-5.815,295.0735
1.362577835,-5.41,295.33
1.427116356,-5,295.578
1.422958345,-5.035,295.8185
1.386294361,-5.385,296.064
1.386294361,-5.545,296.314
1.350927217,-5.745,296.5685
1.350927217,-6.39,296.8275
1.231001477,-7.05,297.103
1.231001477,-7.285,297.395
1.197328262,-7.375,297.692
1.194022473,-7.22,297.9945
1.237874356,-6.78,298.291
1.237874356,-6.485,298.581
1.265848208,-6.335,298.867
1.265848208,-6.185,299.149
1.272965676,-6.125,299.43
1.272965676,-6.055,299.71
1.290984181,-5.79,299.9875
1.290984181,-5.45,300.2625
1.331806176,-5.185,300.532
1.331806176,-5.385,300.796
1.272965676,-5.74,301.068
1.272965676,-6.07,301.348
1.203972804,-6.42,301.638
1.203972804,-6.28,301.938
1.248273063,-5.865,302.2315
1.244794799,-5.615,302.519
1.244794799,-5.78,302.807
1.244794799,-6,303.095
1.244794799,-5.695,303.383
1.248273063,-5.27,303.6705
1.305636458,-4.9,303.9495
1.305636458,-4.79,304.2205
1.287354413,-5,304.494
1.290984181,-4.845,304.7695
1.335601247,-4.375,305.0385
1.335601247,-3.825,305.3015
1.406497068,-3.49,305.5555
1.406497068,-3.565,305.8005
1.343234872,-4.215,306.0535
1.343234872,-4.99,306.3145
1.244794799,-5.28,306.589
1.248273063,-5.47,306.8765
1.197328262,-5.83,307.171
1.194022473,-5.81,307.4735
1.224175512,-5.45,307.772
1.22758267,-5.235,308.0655
1.255266099,-5.045,308.3545
1.255266099,-4.95,308.6395
1.272965676,-4.755,308.922
1.272965676,-4.55,309.202
1.262308381,-4.785,309.4835
1.262308381,-4.98,309.7665
1.248273063,-4.865,310.0515
1.244794799,-4.855,310.339
1.237874356,-4.8,310.628
1.237874356,-4.635,310.918
1.255266099,-4.525,311.2055
1.251763468,-4.34,311.491
1.294627173,-4.005,311.771
1.290984181,-3.925,312.0455
1.305636458,-3.865,312.3185
1.301953213,-3.57,312.59
1.347073648,-3.32,312.856
1.343234872,-3.135,313.1165
1.358679194,-3.17,313.3755
1.354795694,-3.195,313.633
1.366491734,-3.05,313.8895
1.362577835,-3.07,314.145
1.362577835,-3.045,314.401
1.362577835,-3.12,314.657
1.366491734,-2.92,314.9125
1.370421012,-2.64,315.167
1.343234872,-3.2,315.4245
1.339410775,-3.415,315.686
1.378326191,-2.735,315.943
1.378326191,-2.16,316.195
1.443923474,-1.89,316.439
1.443923474,-2.04,316.675
1.38230234,-2.61,316.9185
1.378326191,-2.955,317.17
1.32425897,-3.245,317.429
1.328025453,-3.67,317.6945
1.258781041,-4.005,317.969
1.258781041,-4.225,318.253
1.207311706,-4.57,318.5445
1.210661792,-4.98,318.843
1.145703896,-5.28,319.151
1.145703896,-5.48,319.469
1.136314156,-5.34,319.7885
1.139434283,-5.115,320.109
1.171182982,-4.905,320.424
1.167962367,-4.65,320.7345
1.187443502,-4.635,321.0425
1.184170177,-4.55,321.348
1.207311706,-4.25,321.6505
1.210661792,-4.02,321.949
1.231001477,-3.905,322.244
1.231001477,-3.845,322.536
1.234432012,-3.76,322.8275
1.237874356,-3.54,323.118
1.265848208,-3.355,323.404
1.265848208,-3.19,323.686
1.294627173,-2.92,323.964
1.294627173,-2.66,324.238
1.328025453,-2.465,324.5075
1.328025453,-2.36,324.7725
1.339410775,-2.275,325.036
1.339410775,-2.335,325.298
1.328025453,-2.4,325.5615
1.32425897,-2.32,325.827
1.350927217,-2.105,326.0895
1.347073648,-1.855,326.349
1.38230234,-1.7,326.6045
1.378326191,-1.475,326.856
1.406497068,-1.36,327.1045
1.406497068,-1.37,327.3495
1.406497068,-1.34,327.5945
1.402423743,-1.21,327.84
1.431291727,-1.045,328.0825
1.431291727,-0.98,328.3215
1.448169765,-0.805,328.5585
1.452434164,-0.56,328.793
1.474033275,-0.47,329.0245
1.47840965,-0.485,329.253
1.48722028,-0.345,329.48
1.491654877,-0.18,329.7055
1.491654877,-0.255,329.9305
1.496109227,-0.265,330.155
1.48722028,-0.295,330.38
1.48722028,-0.405,330.606
1.482805262,-0.28,330.8325
1.482805262,-0.085,331.0595
1.496109227,-0.005,331.285
1.500583508,0.11,331.5085
1.500583508,0.105,331.7315
1.500583508,0.015,331.9545
1.496109227,0.09,332.178
1.496109227,0.2,332.402
1.500583508,0.195,332.6255
1.505077897,0.015,332.848
1.474033275,-0.15,333.0735
1.46967597,-0.135,333.303
1.491654877,0.145,333.5305
1.48722028,0.76,333.756
1.555897146,1.2,333.9745
1.560647748,1.46,334.185
1.5945493,1.92,334.3915
1.589635285,2.415,334.595
1.64506509,2.75,334.7935
1.63989712,2.835,334.987
1.650259907,3.005,335.18
1.650259907,3.185,335.372
1.655481851,3.13,335.5635
1.655481851,3.08,335.7545
1.660731207,3.11,335.945
1.660731207,3.065,336.135
1.650259907,2.915,336.326
1.650259907,2.85,336.518
1.64506509,2.755,336.7105
1.650259907,2.495,336.903
1.619488248,2.17,337.098
1.619488248,1.87,337.296
1.604450371,1.665,337.4955
1.599487582,1.135,337.697
1.523260216,0.365,337.907
1.523260216,-0.1,338.125
1.474033275,-0.605,338.3485
1.46967597,-1.345,338.578
1.370421012,-2.06,338.82
1.37436579,-2.4,339.0735
1.343234872,-2.48,339.3305
1.343234872,-2.595,339.5915
1.32425897,-2.835,339.855
1.32425897,-3.22,340.121
1.26940061,-3.545,340.3945
1.26940061,-3.945,340.6755
1.200645014,-4.385,340.9665
1.203972804,-4.73,341.267
1.148853505,-5.005,341.5755
1.152013065,-5.39,341.892
1.090644119,-5.715,342.218
1.090644119,-5.91,342.554
1.041287222,-6.345,342.8985
1.041287222,-6.965,343.2515
0.939047719,-7.58,343.6235
0.939047719,-7.95,344.0145
0.908818717,-7.99,344.4115
0.908818717,-7.935,344.8145
0.916290732,-7.9,345.216
0.913793852,-7.725,345.6165
0.946749939,-7.43,346.011
0.946749939,-7.355,346.399
0.944175935,-7.365,346.7875
0.94160854,-7.36,347.177
0.944175935,-7.29,347.5665
0.94160854,-7.23,347.956
0.928869514,-7.35,348.3485
0.928869514,-7.19,348.7435
0.946749939,-7.055,349.135
0.946749939,-7.285,349.523
0.928869514,-7.16,349.9145
0.928869514,-6.595,350.3095
0.988861425,-6.285,350.693
0.986176859,-6.29,351.0655
0.954511945,-6.455,351.4445
0.954511945,-6.615,351.8295
0.916290732,-6.7,352.222
0.916290732,-6.8,352.622
0.901402119,-6.635,353.025
0.901402119,-6.505,353.431
0.879476759,-6.615,353.8415
0.881889305,-6.705,354.256
0.84397007,-6.8,354.678
0.84397007,-6.835,355.108
0.816445397,-6.875,355.544
0.816445397,-6.985,355.986
0.783071888,-7.035,356.4355
0.780886095,-7.17,356.893
0.721546655,-7.465,357.365
0.719491156,-7.625,357.8515
0.679244275,-7.64,358.3485
0.679244275,-7.605,358.8555
0.650087691,-7.605,359.37
0.648173815,-7.705,359.8925
0.599656837,-7.74,360.4285
0.597837001,-7.71,360.978
0.576253429,-7.585,361.534
0.578034373,-7.435,362.0955
0.574475651,-7.27,362.6575
0.576253429,-7.035,363.22
0.56563386,-7.09,363.785
0.567395975,-7.125,364.3525
0.569161201,-6.795,364.919
0.569161201,-6.485,365.485
0.576253429,-6.515,366.049
0.578034373,-6.525,366.6105
0.592397277,-6.105,367.1675
0.594207233,-5.845,367.72
0.585190039,-5.97,368.2745
0.583396317,-6.145,368.832
0.560366069,-6.015,369.3965
0.560366069,-5.845,369.9675
0.531028331,-6.05,370.547
0.531028331,-5.96,371.135
0.527632742,-5.78,371.724
0.527632742,-6.025,372.314
0.484508315,-6.045,372.917
0.484508315,-5.64,373.533
0.532730459,-5.265,374.1345
0.534435489,-4.985,374.721
0.553385238,-4.85,375.3015
0.553385238,-4.915,375.8765
0.549913012,-4.715,376.4525
0.549913012,-4.245,377.0295
0.569161201,-4.285,377.601
0.570929548,-4.885,378.1665
0.468404908,-5.325,378.762
0.470003629,-5.58,379.3875
0.381260419,-6.205,380.0415
0.381260419,-6.625,380.7245
0.355247392,-6.365,381.4165
0.355247392,-6.025,382.1175
0.40947313,-5.78,382.8
0.410980289,-5.495,383.4635
0.455706325,-5.295,384.112
0.457284857,-5.17,384.7455
0.505838082,-4.815,385.3635
0.505838082,-4.31,385.9665
0.614336,-3.67,386.5385
0.616186139,-3.13,387.079
0.652005237,-3.355,387.6095
0.653926467,-4.005,388.13
0.574475651,-4.46,388.6715
0.574475651,-4.755,389.2345
0.567395975,-4.78,389.7995
0.569161201,-4.5,390.366
0.644357016,-4.185,390.9115
0.646263595,-3.885,391.436
0.74865989,-3.32,391.9345
0.746547957,-2.82,392.408
0.837017551,-2.61,392.8615
0.837017551,-2.87,393.2945
0.774357236,-3.67,393.7415
0.774357236,-4.32,394.2025
0.687165109,-4.95,394.6845
0.685179011,-5.505,395.188
0.646263595,-5.555,395.702
0.644357016,-5.43,396.2265
0.679244275,-5.21,396.7425
0.679244275,-5.045,397.2495
0.675307262,-5.255,397.7575
0.675307262,-5.39,398.2665
0.669430654,-5.35,398.777
0.669430654,-5.48,399.289
0.671385689,-5.385,399.8005
0.671385689,-5.24,400.3115
0.675307262,-5.355,400.8215
0.675307262,-5.21,401.3305
0.738144546,-4.625,401.824
0.738144546,-3.83,402.302
0.865122445,-3.115,402.7515
0.865122445,-2.67,403.1725
0.923818998,-2.37,403.5815
