Depth,deltaTS,Ageaicc
0,0,-50
1,0,-32.1316
2,0,-14.2632
3,0,4.15281
4,0,22.5688
5,0,41.6247
6,0,60.6805
7,0,80.3558
8,-0.81,100.031
9,0.02,121.087
10,0.36,142.142
11,-0.95,163.679
12,-1.84,185.215
13,-1.09,209.831
14,-0.75,234.447
15,-0.22,257.932
16,-0.48,281.418
17,-0.75,305.991
18,0.23,330.564
19,1.33,353.223
20,0.35,375.882
21,0.18,400.344
22,-0.08,424.806
23,-1.08,451.826
24,-1.39,478.845
25,-1.61,508.957
26,-0.9,539.069
27,-0.6,568.212
28,-0.02,597.354
29,-0.18,625.775
30,-1.23,654.195
31,-1.54,686.693
32,-0.85,719.191
33,-0.1,750.081
34,-0.17,780.971
35,-0.78,812.605
36,-0.78,844.24
37,-0.17,876.591
38,-0.25,908.941
39,-0.28,941.434
40,-0.81,973.927
41,-0.05,1007.49
42,0.27,1041.06
43,-0.83,1074.78
44,-0.65,1108.51
45,-0.27,1143.32
46,-0.65,1178.13
47,-1.48,1215.28
48,-1.64,1252.43
49,-0.4,1289.98
50,0.33,1327.52
51,-0.05,1362.18
52,-0.13,1396.85
53,-0.03,1432.64
54,-0.46,1468.44
55,-1,1506.69
56,-0.96,1544.95
57,-1.33,1585.07
58,-1.51,1625.2
59,-0.88,1666.02
60,-1.06,1706.84
61,-1.21,1747.95
62,-1.24,1789.07
63,-0.96,1830.55
64,-0.53,1872.03
65,0.15,1910.96
66,-0.28,1949.9
67,-0.45,1989.82
68,-0.38,2029.74
69,-0.53,2070.37
70,-0.61,2111
71,-0.95,2153.17
72,-0.73,2195.34
73,0.12,2236.25
74,1.16,2277.16
75,-0.98,2317.01
76,-1.44,2356.86
77,-0.73,2401.32
78,-0.63,2445.79
79,0.3,2487.35
80,-0.27,2528.91
81,-1.36,2573.09
82,-0.17,2617.26
83,-0.02,2659.28
84,-1.19,2701.31
85,-1.97,2749.17
86,-0.61,2797.04
87,0.58,2839.41
88,-0.38,2881.78
89,-1.34,2927.56
90,-1.41,2973.34
91,-0.73,3020.26
92,-0.25,3067.18
93,-0.53,3111.88
94,-0.08,3156.57
95,0.15,3200.05
96,-0.43,3243.53
97,-0.61,3289.34
98,-0.3,3335.15
99,-0.13,3380.12
100,0.22,3425.08
101,0.17,3468.8
102,-0.91,3512.53
103,-0.9,3560.63
104,0.3,3608.72
105,0.65,3651.92
106,0.58,3695.12
107,0.03,3739.13
108,-0.63,3783.15
109,-0.46,3830.57
110,0,3877.99
111,-0.23,3923.96
112,-0.66,3969.94
113,-0.73,4018.37
114,-0.75,4066.8
115,-0.91,4115.93
116,-1.09,4165.07
117,-1,4215.28
118,-0.53,4265.48
119,0.55,4311.63
120,1.13,4357.77
121,1.13,4400.09
122,1.13,4442.41
123,1.13,4484.85
124,1.13,4527.29
125,0.88,4570.29
126,0.2,4613.28
127,-0.33,4660.34
128,-0.88,4707.39
129,-0.58,4757.21
130,0.25,4807.04
131,0,4853.62
132,-1.14,4900.21
133,-0.66,4950.99
134,-0.36,5001.78
135,-0.66,5051.08
136,0.13,5100.38
137,0.18,5147.15
138,-0.38,5193.92
139,-0.22,5242.54
140,0.28,5291.16
141,0.1,5337.97
142,0.08,5384.79
143,0.5,5431.28
144,0.5,5477.77
145,0.2,5524.13
146,0.02,5570.49
147,0.08,5618.09
148,0.03,5665.69
149,-0.06,5713.6
150,-0.15,5761.52
151,-0.25,5810.24
152,-0.22,5858.96
153,0.15,5907.09
154,0.45,5955.22
155,-0.13,6002.66
156,-0.73,6050.1
157,-0.21,6100.11
158,0.32,6150.12
159,-0.17,6198.02
160,-0.33,6245.91
161,0.09,6294.64
162,0.28,6343.38
163,-0.55,6392.21
164,-1.59,6441.04
165,-1.09,6495.09
166,-0.31,6549.13
167,-0.62,6599.44
168,-0.65,6649.75
169,0.37,6698.81
170,0.37,6747.86
171,-0.36,6796.38
172,-0.84,6844.89
173,-1.28,6897.94
174,-1.14,6950.98
175,-0.58,7003.22
176,-0.59,7055.46
177,-1.05,7107.61
178,-1.2,7159.75
179,-0.63,7212.32
180,0.02,7264.9
181,-0.04,7313.82
182,-0.11,7362.73
183,-0.29,7412.45
184,-0.81,7462.16
185,-0.58,7514.02
186,0.02,7565.87
187,-0.03,7614.94
188,0.48,7664
189,-0.02,7712.22
190,0.02,7760.44
191,-0.04,7809.71
192,-0.72,7858.99
193,-0.57,7910.93
194,-0.9,7962.88
195,-0.93,8016.05
196,-0.69,8069.23
197,-0.54,8121.16
198,-0.64,8173.09
199,0.3,8223.17
200,2.06,8273.26
201,0.59,8317.57
202,-0.87,8361.88
203,-0.78,8414.84
204,-0.55,8467.79
205,-0.21,8518.84
206,-0.26,8569.88
207,-0.52,8620.96
208,-0.65,8672.04
209,-0.68,8724.3
210,-0.73,8776.55
211,-0.56,8828.7
212,0.34,8880.84
213,0.13,8929.35
214,-0.81,8977.85
215,-0.53,9030.08
216,-0.54,9082.3
217,-0.88,9134.67
218,-0.48,9187.03
219,-0.41,9238.23
220,-0.6,9289.42
221,-0.51,9341.06
222,-0.13,9392.7
223,0.26,9441.72
224,0.03,9490.75
225,-0.39,9540.73
226,-0.82,9590.72
227,-0.7,9643.1
228,-0.16,9695.49
229,-0.16,9745.32
230,0.43,9795.15
231,0.51,9842.43
232,-0.46,9889.71
233,-0.8,9941.42
234,-0.85,9993.12
235,-0.74,10045.5
236,-0.36,10097.9
237,-0.37,10148.3
238,-0.65,10198.8
239,-0.28,10249.7
240,-0.47,10300.5
241,-0.58,10351.6
242,0.31,10402.6
243,0.52,10449.8
244,-0.18,10497.1
245,-1.3,10548.9
246,-0.97,10600.8
247,-0.43,10652.4
248,-0.76,10704.1
249,-0.77,10756
250,-0.79,10808
251,-0.9,10860.2
252,-0.96,10912.4
253,-0.7,10964.6
254,-0.26,11016.7
255,-0.44,11066.8
256,-0.62,11116.9
257,-0.15,11167.2
258,-0.12,11217.4
259,-0.23,11266.7
260,0.02,11316
261,0.09,11364.4
262,0.74,11412.8
263,0.81,11458.4
264,-0.18,11504
265,-0.48,11553.9
266,-0.27,11603.8
267,-0.73,11654.4
268,-1.22,11705
269,-1.29,11758.9
270,-1.57,11812.8
271,-1.59,11868.2
272,-1.61,11923.6
273,-1.83,11979.7
274,-2.2,12035.8
275,-2.37,12094.6
276,-2.85,12153.5
277,-2.55,12214.5
278,-2.19,12275.5
279,-2.84,12335.7
280,-3.09,12395.8
281,-2.77,12458.1
282,-2.9,12520.5
283,-3.88,12585
284,-4.18,12649.6
285,-3.96,12717.9
286,-3.61,12786.3
287,-3.76,12852.6
288,-4.25,12918.8
289,-4.25,12988.5
290,-3.91,13058.2
291,-3.57,13125.3
292,-3.24,13192.3
293,-3.4,13257.3
294,-3.5,13322.4
295,-3.67,13389.2
296,-3.85,13456
297,-3.75,13524.4
298,-3.72,13592.9
299,-3.45,13660.4
300,-3.17,13728
301,-3.17,13793.6
302,-3.67,13859.2
303,-4.28,13929.7
304,-4.02,14000.3
305,-3.57,14070.1
306,-3.27,14139.9
307,-2.91,14205.9
308,-2.19,14272
309,-2.04,14333
310,-2.24,14394.1
311,-2.06,14455.5
312,-2.32,14516.8
313,-2.57,14579.9
314,-2.83,14642.9
315,-3.08,14708.8
316,-3.34,14774.8
317,-3.6,14843.7
318,-3.85,14912.7
319,-4.11,14984.7
320,-3.64,15056.7
321,-3.82,15127.1
322,-4.34,15197.6
323,-3.98,15270.5
324,-3.92,15343.5
325,-4.14,15415.7
326,-4.52,15487.9
327,-4.68,15563.7
328,-4.44,15639.5
329,-4.66,15715
330,-5.32,15790.5
331,-5.4,15871.3
332,-5,15952.2
333,-4.81,16030
334,-4.74,16107.8
335,-5.15,16185.9
336,-5.71,16264
337,-5.6,16346.9
338,-5.44,16429.9
339,-5.57,16511.8
340,-5.29,16593.7
341,-5.35,16674.2
342,-6.19,16754.7
343,-5.99,16840.6
344,-5.75,16926.5
345,-6.08,17010.9
346,-6.34,17095.3
347,-6.74,17184.1
348,-6.88,17272.9
349,-6.88,17364.2
350,-6.74,17455.5
351,-6.77,17545.5
352,-6.97,17635.6
353,-7.16,17727.8
354,-7.49,17820
355,-8.33,17918.9
356,-8.51,18017.8
357,-8.04,18119.6
358,-7.6,18221.3
359,-7.53,18316.7
360,-7.45,18412.1
361,-8.09,18508.9
362,-8.27,18605.6
363,-7.68,18703.8
364,-7.78,18802.1
365,-7.84,18898.6
366,-7.82,18995.1
367,-7.72,19090.9
368,-7.75,19186.8
369,-8.19,19283.9
370,-8.63,19381
371,-8.16,19481.3
372,-7.89,19581.6
373,-7.74,19676.5
374,-7.97,19771.5
375,-8.5,19869.5
376,-8.43,19967.5
377,-8.73,20068.1
378,-8.46,20168.7
379,-7.58,20264.1
380,-7.63,20359.5
381,-8.11,20453.4
382,-8.26,20547.3
383,-8.03,20643.1
384,-7.81,20739
385,-7.54,20830.7
386,-7.7,20922.5
387,-8.15,21016.1
388,-8.45,21109.8
389,-8.71,21209
390,-8.52,21308.3
391,-8.61,21407.7
392,-7.99,21507.1
393,-7.62,21600.6
394,-7.84,21694.1
395,-7.52,21787.1
396,-7.82,21880.1
397,-8.11,21976
398,-8.08,22072
399,-8.03,22169.3
400,-8.04,22266.6
401,-7.96,22364.1
402,-7.87,22461.6
403,-7.94,22558.9
404,-8.12,22656.2
405,-8.1,22756
406,-7.93,22855.7
407,-7.91,22954.5
408,-7.91,23053.3
409,-8,23153.1
410,-8.09,23252.9
411,-7.73,23353
412,-7.36,23453.2
413,-7.66,23550.6
414,-8.24,23648.1
415,-8.33,23753.4
416,-8.12,23858.6
417,-8.15,23963.4
418,-8.41,24068.3
419,-8.82,24178.8
420,-8.82,24289.3
421,-8.45,24401.2
422,-8.3,24513.1
423,-8.37,24623.3
424,-8.45,24733.5
425,-8.52,24846
426,-8.59,24958.6
427,-7.97,25069.8
428,-7.92,25180.9
429,-8.5,25291.6
430,-8.8,25402.3
431,-8.89,25519.3
432,-9.01,25636.3
433,-8.54,25752
434,-7.76,25867.8
435,-8.2,25975.2
436,-8.63,26082.7
437,-8.63,26196
438,-8.63,26309.2
439,-8.44,26420.9
440,-8.26,26532.6
441,-8.03,26639.9
442,-7.87,26747.2
443,-8.68,26854.9
444,-9.39,26962.7
445,-8.46,27075.9
446,-7.53,27189.2
447,-7.51,27288.7
448,-7.5,27388.2
449,-7.25,27485.8
450,-7,27583.5
451,-7.57,27679.8
452,-8.14,27776.1
453,-7.98,27878.5
454,-7.83,27980.9
455,-7.68,28080.1
456,-7.89,28179.2
457,-8.27,28280.5
458,-8.13,28381.8
459,-7.7,28481
460,-7.05,28580.1
461,-6.98,28671.1
462,-7.26,28762.2
463,-7.29,28854.6
464,-7.47,28947.1
465,-7.48,29040.5
466,-7.16,29133.9
467,-7.24,29224.6
468,-7.55,29315.4
469,-7.82,29409.5
470,-8.05,29503.7
471,-8.09,29600.6
472,-8.09,29697.6
473,-7.74,29792.9
474,-7.56,29888.2
475,-7.9,29981.7
476,-8.64,30075.2
477,-9.02,30177.8
478,-9.02,30280.4
479,-8.82,30383.4
480,-8.62,30486.4
481,-8.14,30584.2
482,-7.84,30681.9
483,-8.28,30776.6
484,-8.66,30871.2
485,-8.52,30969.9
486,-8.27,31068.5
487,-8.09,31163.2
488,-7.9,31257.9
489,-7.69,31349
490,-7.49,31440.1
491,-8.16,31530.8
492,-8.82,31621.6
493,-8.47,31718.5
494,-8.12,31815.4
495,-7.77,31906.1
496,-7.42,31996.7
497,-7.07,32081.5
498,-6.71,32166.2
499,-6.71,32246.8
500,-6.98,32327.3
501,-7.25,32410.1
502,-7.52,32492.9
503,-7.79,32578.9
504,-8.05,32664.9
505,-8.35,32754.2
506,-8.37,32843.6
507,-8.33,32933.2
508,-8.58,33022.8
509,-8.43,33113
510,-8.3,33203.1
511,-7.95,33289.7
512,-7.14,33376.3
513,-7.02,33455.1
514,-7.62,33533.9
515,-7.83,33617
516,-7.75,33700.1
517,-7.64,33782.6
518,-7.52,33865.2
519,-7.41,33945.8
520,-7.3,34026.5
521,-7.63,34106.7
522,-7.95,34186.9
523,-8,34270.4
524,-8.05,34353.8
525,-7.85,34436.8
526,-7.65,34519.7
527,-7.77,34600.7
528,-8.03,34681.7
529,-8.2,34765.6
530,-7.93,34849.6
531,-7.4,34930.5
532,-7.14,35011.5
533,-6.77,35088
534,-6.74,35164.4
535,-6.79,35240
536,-7.09,35315.5
537,-7.27,35394.3
538,-6.61,35473
539,-7.07,35549.8
540,-7.49,35626.6
541,-6.99,35706.4
542,-6.62,35786.3
543,-6.71,35862.5
544,-7.47,35938.8
545,-7.47,36021
546,-7.29,36103.2
547,-7.59,36185.7
548,-7.6,36268.2
549,-7.6,36352.6
550,-7.34,36436.9
551,-7.07,36519.1
552,-7.44,36601.2
553,-7.54,36686.1
554,-7.31,36771
555,-7.12,36854.6
556,-7.17,36938.3
557,-7.36,37023.1
558,-7.17,37107.9
559,-6.53,37190.3
560,-6.88,37272.8
561,-6.76,37355.7
562,-6.25,37438.6
563,-6.59,37519.3
564,-6.08,37600
565,-6.01,37678.7
566,-6.15,37757.4
567,-5.87,37836.4
568,-5.7,37915.3
569,-5.14,37990.8
570,-4.82,38066.3
571,-5.05,38139.1
572,-5.52,38212
573,-5.98,38290.6
574,-5.9,38369.3
575,-5.82,38449.1
576,-5.39,38529
577,-5.24,38605.7
578,-5.37,38682.4
579,-5.55,38760.6
580,-5.65,38838.8
581,-5.41,38918
582,-5.62,38997.3
583,-5.72,39078.2
584,-5.77,39159
585,-6.22,39243
586,-6.4,39327
587,-6.7,39416.1
588,-7.03,39505.1
589,-7.22,39599.6
590,-7.7,39694.1
591,-7.3,39792.5
592,-6.67,39891
593,-6.97,39984.4
594,-6.65,40077.8
595,-6.02,40167.7
596,-6.32,40257.7
597,-6.62,40349
598,-6.76,40440.3
599,-6.9,40534.7
600,-6.9,40629.1
601,-6.97,40724.6
602,-7.2,40820
603,-6.8,40916.3
604,-5.97,41012.5
605,-6.38,41102.4
606,-6.88,41192.4
607,-6.6,41287.1
608,-6.45,41381.9
609,-6.3,41474.1
610,-6.43,41566.4
611,-6.66,41660.4
612,-6.8,41754.5
613,-6.96,41851.6
614,-7.09,41948.8
615,-7.18,42048.4
616,-7.18,42148
617,-6.94,42246.9
618,-6.73,42345.8
619,-6.69,42441.5
620,-6.64,42537.1
621,-6.6,42631.5
622,-6.56,42725.9
623,-6.21,42817.8
624,-5.93,42909.7
625,-5.93,42997.5
626,-6.16,43085.2
627,-6.24,43174.3
628,-6.24,43263.4
629,-6.13,43352.1
630,-6.13,43440.8
631,-5.91,43528
632,-5.48,43615.3
633,-6.24,43701.2
634,-6.96,43787.2
635,-6.91,43881.5
636,-7.21,43975.8
637,-7.07,44071.6
638,-6.31,44167.5
639,-6.51,44257.2
640,-6.91,44346.8
641,-6.71,44439
642,-6.56,44531.1
643,-6.67,44620.8
644,-6.46,44710.5
645,-5.74,44795.2
646,-5.74,44880
647,-6.37,44963.5
648,-6.59,45047
649,-5.89,45130.9
650,-5.19,45214.8
651,-5.11,45290.3
652,-5.02,45365.9
653,-5.09,45440
654,-5.48,45514.2
655,-4.8,45588.1
656,-4.53,45662.1
657,-5.08,45733.3
658,-4.81,45804.6
659,-4.68,45875
660,-5.27,45945.5
661,-5.69,46020
662,-4.99,46094.5
663,-4.65,46164.6
664,-5.3,46234.6
665,-5.7,46308.4
666,-5.4,46382.2
667,-5.49,46455.2
668,-5.43,46528.1
669,-5.69,46601.3
670,-6.13,46674.5
671,-5.95,46750.3
672,-5.88,46826
673,-5.93,46900.4
674,-5.8,46974.7
675,-5.53,47047.1
676,-5.5,47119.4
677,-6.04,47191.9
678,-6.45,47264.3
679,-5.42,47337.4
680,-5.47,47410.4
681,-6.68,47483.8
682,-6.6,47557.2
683,-6.48,47633.1
684,-6.94,47709.1
685,-6.88,47786.9
686,-6.72,47864.8
687,-6.99,47941.9
688,-7.27,48018.9
689,-6.94,48097.1
690,-6.97,48175.2
691,-7.51,48253.9
692,-7.13,48332.5
693,-6.15,48406.7
694,-6.55,48481
695,-7.44,48557.1
696,-7.04,48633.3
697,-6.68,48708.3
698,-6.72,48783.2
699,-6.69,48856.9
700,-7.4,48930.6
701,-8.16,49011.1
702,-7.91,49091.6
703,-7.64,49171.9
704,-7.94,49252.1
705,-7.38,49331.3
706,-6.55,49410.5
707,-6.93,49483.4
708,-7.01,49556.4
709,-7.02,49631
710,-7.39,49705.7
711,-7.38,49782.7
712,-7.47,49859.7
713,-7.51,49937.4
714,-7.15,50015.1
715,-6.78,50089.3
716,-6.9,50163.5
717,-6.91,50237.5
718,-6.48,50311.4
719,-6.71,50383.4
720,-6.92,50455.4
721,-6.67,50528.8
722,-6.29,50602.1
723,-5.92,50671.3
724,-6.17,50740.4
725,-6.73,50811.6
726,-6.55,50882.8
727,-6.78,50955.3
728,-6.99,51027.9
729,-6.36,51100.5
730,-6.28,51173.1
731,-6.74,51244.6
732,-6.85,51316.2
733,-6.46,51388.7
734,-6.65,51461.2
735,-6.49,51533.1
736,-6.02,51605.1
737,-6.05,51673.8
738,-5.8,51742.6
739,-5.83,51810.1
740,-6.26,51877.6
741,-6.36,51948
742,-6.48,52018.4
743,-6.39,52089.6
744,-6.24,52160.8
745,-5.76,52229.5
746,-5.77,52298.1
747,-5.89,52365.7
748,-5.51,52433.4
749,-5.51,52499.2
750,-5.89,52565.1
751,-5.97,52633.3
752,-6.07,52701.6
753,-5.78,52769.9
754,-5.3,52838.2
755,-5.58,52903.7
756,-5.6,52969.1
757,-5.18,53034.4
758,-5.03,53099.6
759,-5.45,53164
760,-5.7,53228.5
761,-5.37,53294.5
762,-5.54,53360.6
763,-5.54,53426.7
764,-5.65,53492.7
765,-5.57,53559.2
766,-5.19,53625.7
767,-5.72,53691.3
768,-6.07,53756.8
769,-5.89,53825.5
770,-5.74,53894.1
771,-4.91,53958.9
772,-3.77,54023.8
773,-4.34,54081.9
774,-5.38,54140
775,-5.6,54205.7
776,-6.21,54271.4
777,-6.6,54342.5
778,-6.43,54413.5
779,-5.47,54481.7
780,-5.59,54549.9
781,-6.02,54617.3
782,-5.56,54684.6
783,-5.56,54750.5
784,-5.81,54816.4
785,-5.84,54883.8
786,-5.55,54951.2
787,-5.03,55015.5
788,-5.6,55079.8
789,-6.13,55147.4
790,-6.23,55215
791,-6.71,55286.2
792,-6.15,55357.4
793,-6.1,55426.5
794,-6.93,55495.7
795,-7.18,55570.7
796,-7.07,55645.6
797,-6.36,55718.4
798,-5.65,55791.3
799,-5.55,55857.5
800,-6.05,55923.7
801,-6.65,55994.5
802,-6.65,56065.2
803,-6.55,56137.6
804,-6.04,56210.1
805,-6.22,56279.8
806,-6.49,56349.5
807,-6.14,56420.4
808,-6.6,56491.3
809,-7.06,56565.6
810,-6.96,56639.9
811,-6.4,56713.3
812,-6.53,56786.8
813,-6.8,56860.3
814,-6.17,56933.9
815,-6.35,57005
816,-6.29,57076.2
817,-6.36,57147.9
818,-6.71,57219.7
819,-6.31,57292.7
820,-6.16,57365.7
821,-5.58,57435
822,-5.34,57504.3
823,-5.65,57571.5
824,-5.42,57638.7
825,-5.21,57705
826,-5.43,57771.4
827,-5.54,57838.8
828,-5.81,57906.2
829,-5.23,57973.9
830,-4.8,58041.7
831,-5.09,58106.3
832,-4.95,58170.9
833,-4.71,58235
834,-4.92,58299.1
835,-5.11,58364.3
836,-4.76,58429.5
837,-5.09,58494.3
838,-5.1,58559.1
839,-4.35,58622.9
840,-4.42,58686.6
841,-4.88,58750
842,-4.47,58813.5
843,-3.71,58874
844,-3.68,58934.6
845,-4.18,58994.3
846,-4.54,59054.1
847,-4.73,59117.6
848,-4.01,59181.1
849,-4.05,59241.5
850,-4.85,59301.8
851,-4.85,59366.5
852,-4.86,59431.2
853,-5.78,59498.5
854,-5.51,59565.8
855,-4.65,59631.8
856,-4.98,59697.8
857,-4.65,59762.3
858,-4.62,59826.8
859,-4.9,59891
860,-4.96,59955.3
861,-4.27,60018.7
862,-4.22,60082.1
863,-4.93,60145.4
864,-5.21,60208.6
865,-5.66,60276.8
866,-5.86,60344.9
867,-6.06,60416.2
868,-5.93,60487.5
869,-5.85,60558.3
870,-6.04,60629.2
871,-6.41,60702.2
872,-6.31,60775.2
873,-5.86,60847.3
874,-5.85,60919.5
875,-6.03,60990.7
876,-5.86,61061.9
877,-5.53,61131.7
878,-5.53,61201.4
879,-5.53,61270.2
880,-5.81,61339
881,-6.49,61411.5
882,-6.53,61484.1
883,-6.15,61557.8
884,-6.11,61631.5
885,-6.2,61704
886,-6.45,61776.6
887,-6.3,61850.5
888,-6.28,61924.5
889,-6.53,61998.6
890,-6.58,62072.8
891,-6.61,62148.2
892,-7.31,62223.6
893,-7.48,62304.4
894,-6.98,62385.3
895,-6.81,62462.6
896,-6.53,62540
897,-6.88,62616.1
898,-6.86,62692.2
899,-7,62769.8
900,-7.26,62847.4
901,-6.86,62925.8
902,-6.5,63004.3
903,-6.6,63079.4
904,-7,63154.5
905,-7.1,63232.9
906,-7.05,63311.4
907,-7.44,63391.3
908,-7.72,63471.2
909,-7.64,63554.5
910,-8.09,63637.7
911,-8.02,63723.9
912,-7.67,63810.1
913,-7.54,63893.1
914,-7.51,63976.1
915,-7.51,64058.4
916,-7.51,64140.7
917,-7.51,64223.1
918,-7.11,64305.5
919,-6.43,64382.8
920,-6.26,64460.2
921,-6.84,64536.1
922,-6.66,64612
923,-6.41,64688
924,-6.83,64763.9
925,-6.82,64841.9
926,-6.79,64919.9
927,-6.94,64998.3
928,-7.27,65076.7
929,-7.7,65159.7
930,-7.55,65242.6
931,-7.4,65325.7
932,-7.91,65408.7
933,-7.43,65493.4
934,-7.49,65578.1
935,-7.97,65663.5
936,-7.92,65748.9
937,-8.17,65836.8
938,-7.98,65924.8
939,-7.95,66012.3
940,-7.76,66099.9
941,-7.25,66184.2
942,-7.49,66268.5
943,-7.71,66353.7
944,-8.15,66438.9
945,-8.85,66531.3
946,-7.75,66623.6
947,-7.4,66709.1
948,-8.21,66794.5
949,-8.31,66885.4
950,-8.06,66976.3
951,-7.33,67062.9
952,-6.88,67149.5
953,-7.07,67231
954,-7.73,67312.6
955,-7.76,67399.9
956,-7.54,67487.3
957,-7.73,67574
958,-7.44,67660.7
959,-7.22,67745.4
960,-7.47,67830.1
961,-7.63,67916.6
962,-7.52,68003.1
963,-7.8,68090.8
964,-7.71,68178.4
965,-7.86,68267.3
966,-8.15,68356.2
967,-8.04,68447.9
968,-7.89,68539.5
969,-7.55,68628.5
970,-7.8,68717.4
971,-8.27,68808.9
972,-7.65,68900.5
973,-7.45,68988.2
974,-8.01,69075.9
975,-7.94,69166.7
976,-8.2,69257.5
977,-7.59,69347.5
978,-6.36,69437.4
979,-5.81,69514
980,-6.12,69590.7
981,-5.62,69665.8
982,-5.75,69740.8
983,-6.69,69818
984,-6.92,69895.2
985,-7.54,69979.4
986,-7.33,70063.6
987,-6.97,70147.1
988,-6.55,70230.6
989,-6.75,70310.4
990,-7.31,70390.2
991,-7.84,70476.2
992,-7.72,70562.3
993,-7.05,70646.5
994,-7.08,70730.7
995,-7.26,70812.8
996,-6.52,70895
997,-5.67,70969.4
998,-5.67,71043.8
999,-5.67,71115.2
1000,-5.66,71186.5
1001,-5.66,71257.4
1002,-5.7,71328.4
1003,-5.75,71399.3
1004,-5.93,71470.3
1005,-5.99,71542.4
1006,-5.44,71614.5
1007,-5.15,71682.4
1008,-4.6,71750.3
1009,-5.3,71815.9
1010,-5.2,71881.5
1011,-4.81,71947.2
1012,-5.36,72012.8
1013,-6.13,72082.5
1014,-5.55,72152.1
1015,-5.38,72219.9
1016,-5.69,72287.6
1017,-5.81,72356.7
1018,-5.82,72425.7
1019,-6.28,72496.3
1020,-6.53,72566.8
1021,-6.89,72641
1022,-6.39,72715.2
1023,-6.64,72787.8
1024,-5.97,72860.3
1025,-5.29,72927.2
1026,-5.77,72994.1
1027,-6,73062.1
1028,-6.31,73130.2
1029,-6.44,73200.9
1030,-7.1,73271.6
1031,-7.81,73349
1032,-6.96,73426.3
1033,-6.1,73497.5
1034,-6.61,73568.7
1035,-7.12,73641.9
1036,-6.85,73715.1
1037,-6.45,73787
1038,-6.56,73858.9
1039,-7.17,73932.3
1040,-6.31,74005.7
1041,-5.91,74074.6
1042,-5.62,74143.6
1043,-4.74,74207.5
1044,-6.03,74271.4
1045,-6.92,74343.1
1046,-5.87,74414.8
1047,-5.85,74483.2
1048,-5.68,74551.6
1049,-5.61,74619.1
1050,-5.41,74686.6
1051,-5.72,74753.9
1052,-5.42,74821.2
1053,-5.12,74887.1
1054,-5.32,74953
1055,-5.41,75019.6
1056,-5.13,75086.2
1057,-4.66,75150.5
1058,-4.53,75214.7
1059,-4.39,75276.9
1060,-4.35,75339
1061,-5.41,75403.5
1062,-5,75468.1
1063,-4.83,75533
1064,-5.23,75598
1065,-4.37,75662.6
1066,-4.05,75727.1
1067,-4.8,75789.8
1068,-5.08,75852.5
1069,-5.16,75919.3
1070,-5.22,75986
1071,-4.92,76052.8
1072,-4.67,76119.6
1073,-5.09,76185.6
1074,-5.5,76251.6
1075,-5.47,76321.4
1076,-5.42,76391.2
1077,-5.9,76462.5
1078,-6.33,76533.7
1079,-6.71,76611
1080,-7.14,76688.2
1081,-6.59,76768.4
1082,-5.81,76848.6
1083,-5.76,76922.1
1084,-5.81,76995.7
1085,-6.45,77071.9
1086,-6.52,77148.1
1087,-6.62,77227.7
1088,-7.28,77307.3
1089,-6.06,77387.8
1090,-3.82,77468.3
1091,-5.71,77536.7
1092,-6.79,77605.2
1093,-6.12,77684.8
1094,-6.32,77764.4
1095,-6.06,77842.4
1096,-5.78,77920.4
1097,-5.87,77996.1
1098,-6.24,78071.8
1099,-5.91,78149.1
1100,-4.8,78226.5
1101,-4.8,78295.8
1102,-5,78365
1103,-4.76,78434.8
1104,-4.33,78504.6
1105,-5.43,78574.3
1106,-5.5,78644
1107,-5.23,78716.8
1108,-4.93,78789.5
1109,-5.28,78860.8
1110,-5.41,78932
1111,-4.95,79003.8
1112,-3.66,79075.6
1113,-4.87,79142.3
1114,-6.38,79208.9
1115,-6.11,79288.4
1116,-6.39,79368
1117,-5.41,79445.5
1118,-4.45,79523.1
1119,-4.25,79591.3
1120,-4.4,79659.5
1121,-4.75,79729.1
1122,-4.75,79798.8
1123,-4.5,79868.8
1124,-4.67,79938.8
1125,-4.93,80009.7
1126,-5.2,80080.7
1127,-4.04,80150.3
1128,-3.29,80219.9
1129,-3.87,80283.4
1130,-4.45,80347
1131,-3.89,80413.7
1132,-3.33,80480.4
1133,-3.79,80543.7
1134,-3.79,80607
1135,-3.81,80671.6
1136,-3.74,80736.3
1137,-3.73,80800.5
1138,-3.83,80864.8
1139,-3.48,80928.5
1140,-3.56,80992.2
1141,-3.01,81053.9
1142,-2.54,81115.7
1143,-3.65,81176.3
1144,-4.85,81236.9
1145,-4.59,81306.4
1146,-4.31,81375.9
1147,-4.53,81443.4
1148,-4.75,81511
1149,-4.27,81579
1150,-3.78,81646.9
1151,-3.1,81708.8
1152,-2.42,81770.7
1153,-2.98,81828.7
1154,-2.58,81886.7
1155,-3.46,81946.2
1156,-3.92,82005.6
1157,-3.94,82069.5
1158,-3.94,82133.5
1159,-3.7,82196.6
1160,-3.62,82259.7
1161,-3.27,82320.7
1162,-4.39,82381.6
1163,-3.71,82445.4
1164,-3.23,82509.3
1165,-3.2,82568.6
1166,-3.54,82628
1167,-4.32,82690.8
1168,-4.64,82753.5
1169,-4.27,82818.9
1170,-3.91,82884.2
1171,-3.91,82946.4
1172,-3.92,83008.6
1173,-4.01,83070.8
1174,-3.76,83133
1175,-2.53,83190.8
1176,-1.64,83248.6
1177,-2.65,83301.6
1178,-3.03,83354.6
1179,-3.43,83412.5
1180,-3.49,83470.3
1181,-3.29,83528.8
1182,-2.92,83587.3
1183,-2.64,83642.6
1184,-2.48,83697.9
1185,-2.92,83752.7
1186,-3.12,83807.4
1187,-3.23,83864.1
1188,-2.69,83920.9
1189,-2.64,83975
1190,-2.47,84029.2
1191,-2.34,84082
1192,-2.71,84134.9
1193,-3,84189.6
1194,-3.53,84244.3
1195,-3.42,84301.9
1196,-3.53,84359.5
1197,-3.51,84417.2
1198,-3.38,84474.8
1199,-3.38,84531.8
1200,-3.38,84588.7
1201,-3.63,84646.1
1202,-3.76,84703.6
1203,-3.64,84762
1204,-3.78,84820.5
1205,-3.91,84879.7
1206,-4.34,84938.8
1207,-4.87,85002
1208,-3.99,85065.1
1209,-4.35,85125.9
1210,-4.14,85186.8
1211,-4.12,85247.5
1212,-4.17,85308.2
1213,-4.4,85369.8
1214,-4.49,85431.4
1215,-4.39,85494
1216,-3.86,85556.6
1217,-3.46,85615.3
1218,-4.15,85674.1
1219,-4.83,85737.3
1220,-4.35,85800.5
1221,-3.8,85861.8
1222,-4.55,85923
1223,-4.28,85986.2
1224,-4.13,86049.4
1225,-4.21,86111.5
1226,-4.43,86173.6
1227,-4.43,86237.3
1228,-4.79,86301
1229,-5.13,86367.9
1230,-5.12,86434.9
1231,-5.12,86503.1
1232,-5.11,86571.4
1233,-5.1,86640
1234,-5.07,86708.7
1235,-5.03,86777.4
1236,-5.07,86846.2
1237,-4.93,86915.2
1238,-4.86,86984.1
1239,-4.09,87050.5
1240,-4.1,87116.9
1241,-4.11,87181.9
1242,-4.65,87246.8
1243,-4.91,87316.3
1244,-5.34,87385.7
1245,-5.76,87460.4
1246,-5.23,87535.1
1247,-4.69,87606.7
1248,-5.1,87678.4
1249,-5.43,87752.6
1250,-5.42,87826.8
1251,-5.41,87902.6
1252,-5.06,87978.3
1253,-4.69,88051.2
1254,-5.61,88124.1
1255,-6.68,88206.3
1256,-5.94,88288.4
1257,-5.34,88367.8
1258,-5.58,88447.2
1259,-5.73,88527.2
1260,-5.77,88607.2
1261,-5.18,88686.6
1262,-5.11,88765.9
1263,-4.16,88840
1264,-5,88914.2
1265,-4.79,88990.4
1266,-5.02,89066.6
1267,-4.99,89143.8
1268,-5.19,89221
1269,-5.21,89299.9
1270,-5.72,89378.7
1271,-5.81,89461.7
1272,-4.73,89544.7
1273,-3.53,89616.9
1274,-3.61,89689.2
1275,-4.05,89759.9
1276,-4.12,89830.6
1277,-3.85,89902.6
1278,-4.61,89974.7
1279,-4.85,90051.6
1280,-4.59,90128.6
1281,-4.83,90205.8
1282,-5.1,90283
1283,-4.71,90361.9
1284,-4.54,90440.7
1285,-3.99,90515.7
1286,-4.12,90590.6
1287,-4.94,90667.5
1288,-4.77,90744.4
1289,-5.45,90825.4
1290,-4.58,90906.4
1291,-3.32,90979.8
1292,-4.28,91053.2
1293,-4.46,91129.4
1294,-4.06,91205.6
1295,-4.14,91280.2
1296,-4.62,91354.7
1297,-5.15,91434.4
1298,-4.7,91514.1
1299,-4.48,91591.8
1300,-4.69,91669.6
1301,-4.44,91747.1
1302,-4.92,91824.7
1303,-5.61,91906.7
1304,-4.68,91988.7
1305,-4.27,92064.9
1306,-3.45,92141.2
1307,-3.27,92210.3
1308,-3.45,92279.4
1309,-3.25,92348.3
1310,-3.88,92417.2
1311,-4.97,92492.4
1312,-4.97,92567.5
1313,-4.84,92645.8
1314,-4.12,92724
1315,-3.66,92795.6
1316,-3.51,92867.2
1317,-4.15,92938.2
1318,-4.35,93009.3
1319,-4.45,93083.7
1320,-4.05,93158.2
1321,-3.87,93229.7
1322,-3.8,93301.3
1323,-3.96,93372.2
1324,-4.39,93443.1
1325,-4.77,93518.1
1326,-4.9,93593.2
1327,-3.64,93666
1328,-3.39,93738.8
1329,-3.89,93807.7
1330,-4,93876.6
1331,-4,93947.4
1332,-4,94018.3
1333,-3.85,94088.5
1334,-3.7,94158.7
1335,-3.7,94227.5
1336,-3.7,94296.3
1337,-4,94365.8
1338,-4.3,94435.3
1339,-3.95,94506.5
1340,-3.5,94577.6
1341,-3.5,94645.1
1342,-3.8,94712.5
1343,-3.87,94781.9
1344,-4.23,94851.3
1345,-4.35,94923.5
1346,-4.28,94995.6
1347,-4.35,95068
1348,-3.88,95140.4
1349,-4.2,95211.3
1350,-4.51,95282.3
1351,-4.51,95356.5
1352,-4.51,95430.7
1353,-4.42,95505
1354,-5.24,95579.2
1355,-4.9,95657.8
1356,-4.35,95736.3
1357,-4.57,95811.3
1358,-5.46,95886.2
1359,-4.98,95966.5
1360,-4.88,96046.9
1361,-4.12,96122.7
1362,-3.36,96198.6
1363,-4.1,96270
1364,-4.24,96341.4
1365,-4.82,96418.1
1366,-5.38,96494.7
1367,-4.87,96575.8
1368,-4.38,96656.9
1369,-4.51,96733.7
1370,-4.84,96810.5
1371,-3.93,96887.3
1372,-3.5,96964.1
1373,-3.51,97035.9
1374,-3.51,97107.6
1375,-4.12,97181.7
1376,-4.75,97255.9
1377,-4.39,97335.6
1378,-4.56,97415.4
1379,-4,97493.8
1380,-3.8,97572.2
1381,-4.17,97649.3
1382,-4.58,97726.4
1383,-4.35,97807.4
1384,-4.12,97888.4
1385,-4.07,97967.6
1386,-4.03,98046.7
1387,-4.01,98126.1
1388,-3.95,98205.5
1389,-3.92,98285.2
1390,-4.08,98364.9
1391,-3.89,98445.9
1392,-3.49,98526.8
1393,-3.49,98605.2
1394,-3.49,98683.6
1395,-3.45,98762.8
1396,-3.65,98841.9
1397,-3.83,98923.5
1398,-4.08,99005.2
1399,-3.59,99088.2
1400,-3.11,99171.3
1401,-3.11,99250.1
1402,-3.39,99329
1403,-3.68,99411.3
1404,-3.68,99493.7
1405,-3.61,99577.4
1406,-3.53,99661.1
1407,-3.42,99744.3
1408,-3.64,99827.4
1409,-3.52,99911.7
1410,-3.41,99996
1411,-3.29,100079
1412,-3.18,100162
1413,-3.18,100245
1414,-2.99,100327
1415,-2.77,100408
1416,-2.67,100488
1417,-2.58,100567
1418,-2.96,100647
1419,-2.81,100728
1420,-2.27,100809
1421,-2.37,100886
1422,-2.49,100964
1423,-2.36,101042
1424,-2.23,101121
1425,-2.1,101198
1426,-1.97,101275
1427,-2.42,101352
1428,-2.86,101429
1429,-2.63,101509
1430,-2.42,101590
1431,-2.26,101667
1432,-2.11,101744
1433,-2.48,101820
1434,-2.85,101897
1435,-3.08,101979
1436,-3.32,102060
1437,-2.82,102142
1438,-2.33,102224
1439,-2.93,102303
1440,-3.55,102382
1441,-3.09,102465
1442,-2.61,102548
1443,-3.19,102628
1444,-3.78,102708
1445,-3.67,102794
1446,-3.55,102879
1447,-4.04,102964
1448,-4.52,103049
1449,-4.46,103139
1450,-4.41,103229
1451,-4.41,103317
1452,-4.5,103406
1453,-4.45,103494
1454,-4.3,103583
1455,-4.24,103670
1456,-4.16,103756
1457,-4.11,103841
1458,-4.05,103926
1459,-4.22,104010
1460,-4.4,104094
1461,-4.37,104179
1462,-4.32,104264
1463,-4.33,104348
1464,-4.33,104432
1465,-4.25,104514
1466,-4.17,104597
1467,-4.17,104678
1468,-4.52,104758
1469,-4.85,104842
1470,-4.66,104925
1471,-4.48,105007
1472,-4.28,105089
1473,-4.1,105168
1474,-4.2,105246
1475,-4.29,105324
1476,-4.51,105402
1477,-4.71,105482
1478,-4.33,105562
1479,-3.93,105638
1480,-3.93,105714
1481,-3.92,105788
1482,-3.82,105863
1483,-3.71,105936
1484,-3.21,106008
1485,-2.71,106076
1486,-3.37,106143
1487,-4.02,106215
1488,-4.25,106286
1489,-4.48,106362
1490,-4.26,106437
1491,-4.04,106510
1492,-4.32,106584
1493,-4.6,106659
1494,-4.84,106734
1495,-5.07,106812
1496,-4.73,106890
1497,-4.4,106965
1498,-4.4,107039
1499,-4.4,107112
1500,-4.88,107185
1501,-5.36,107262
1502,-5.92,107338
1503,-6.48,107421
1504,-6.48,107504
1505,-6.48,107588
1506,-6.48,107672
1507,-6.67,107756
1508,-6.85,107839
1509,-6.9,107924
1510,-6.95,108009
1511,-6.95,108095
1512,-6.83,108180
1513,-6.71,108264
1514,-6.71,108348
1515,-6.64,108431
1516,-6.57,108515
1517,-6.43,108597
1518,-6.28,108680
1519,-6.28,108761
1520,-6.28,108842
1521,-6.27,108923
1522,-6.27,109004
1523,-6.53,109086
1524,-6.81,109168
1525,-6.81,109253
1526,-6.44,109338
1527,-6.09,109420
1528,-6.09,109501
1529,-6.09,109581
1530,-6.2,109661
1531,-6.3,109743
1532,-5.88,109824
1533,-5.47,109902
1534,-5.53,109980
1535,-5.58,110058
1536,-5.58,110136
1537,-5.58,110214
1538,-5.58,110292
1539,-5.57,110370
1540,-5.57,110447
1541,-5.57,110525
1542,-5.57,110603
1543,-6,110683
1544,-6.42,110762
1545,-6.25,110845
1546,-6.08,110928
1547,-5.88,111008
1548,-5.68,111089
1549,-5.68,111167
1550,-5.68,111246
1551,-5.68,111324
1552,-5.68,111403
1553,-5.68,111482
1554,-5.68,111560
1555,-6.02,111640
1556,-6.37,111720
1557,-6.37,111803
1558,-6.16,111887
1559,-5.94,111968
1560,-5.94,112049
1561,-5.94,112130
1562,-5.94,112210
1563,-5.94,112291
1564,-5.93,112371
1565,-5.82,112452
1566,-5.7,112532
1567,-5.67,112612
1568,-5.86,112691
1569,-6.06,112773
1570,-5.93,112855
1571,-5.8,112938
1572,-5.4,113020
1573,-4.98,113098
1574,-4.98,113176
1575,-4.86,113253
1576,-4.85,113330
1577,-4.89,113408
1578,-4.94,113486
1579,-5.27,113566
1580,-5.62,113646
1581,-5.1,113729
1582,-4.57,113812
1583,-4.57,113890
1584,-4.45,113968
1585,-4.33,114046
1586,-4.36,114124
1587,-4.39,114202
1588,-4.31,114281
1589,-4.24,114359
1590,-4.59,114437
1591,-4.95,114520
1592,-4.78,114602
1593,-4.6,114685
1594,-4.33,114767
1595,-4.06,114847
1596,-3.75,114927
1597,-3.45,115004
1598,-3.89,115080
1599,-4.32,115160
1600,-3.41,115241
1601,-2.48,115314
1602,-2.47,115387
1603,-2.47,115458
1604,-2.47,115529
1605,-2.47,115600
1606,-2.47,115671
1607,-2.56,115743
1608,-2.64,115815
1609,-3.11,115889
1610,-3.57,115963
1611,-3.34,116041
1612,-3.08,116119
1613,-2.97,116194
1614,-2.86,116270
1615,-2.88,116344
1616,-2.83,116419
1617,-2.76,116493
1618,-2.71,116567
1619,-2.67,116641
1620,-2.67,116714
1621,-2.67,116788
1622,-2.53,116861
1623,-2.41,116933
1624,-2.11,117005
1625,-1.83,117074
1626,-1.62,117143
1627,-1.44,117209
1628,-1.44,117276
1629,-1.63,117342
1630,-1.83,117408
1631,-1.59,117475
1632,-1.36,117542
1633,-1.67,117607
1634,-2,117673
1635,-1.5,117740
1636,-0.98,117806
1637,-1.26,117869
1638,-1.54,117932
1639,-1.67,117997
1640,-1.85,118063
1641,-1.88,118129
1642,-1.78,118195
1643,-1.66,118260
1644,-1.31,118325
1645,-0.94,118387
1646,-0.93,118448
1647,-0.93,118508
1648,-1.19,118568
1649,-1.46,118630
1650,-1.45,118691
1651,-1.12,118752
1652,-0.8,118813
1653,-0.57,118870
1654,-0.31,118928
1655,-1.04,118985
1656,-1.77,119042
1657,-1.47,119103
1658,-1.16,119165
1659,-1.16,119223
1660,-0.84,119282
1661,-0.51,119338
1662,-0.95,119394
1663,-1.4,119452
1664,-1.4,119510
1665,-1.33,119569
1666,-1.27,119627
1667,-1.07,119684
1668,-1.09,119742
1669,-1.31,119799
1670,-1,119856
1671,-0.68,119911
1672,-1.07,119967
1673,-1.47,120024
1674,-1.47,120081
1675,-1.16,120139
1676,-0.86,120196
1677,-1.08,120252
1678,-1.29,120307
1679,-1.09,120363
1680,-0.87,120420
1681,-0.86,120475
1682,-0.86,120530
1683,-0.63,120585
1684,-0.41,120639
1685,-0.14,120692
1686,0.13,120745
1687,0.02,120796
1688,-0.1,120848
1689,-0.24,120900
1690,-0.49,120953
1691,-0.59,121007
1692,-0.58,121062
1693,-0.75,121117
1694,-0.93,121172
1695,-0.92,121228
1696,-0.47,121285
1697,0,121339
1698,-0.32,121393
1699,-0.65,121448
1700,-0.64,121503
1701,-0.62,121558
1702,-0.6,121614
1703,-0.6,121670
1704,-0.32,121726
1705,-0.03,121781
1706,-0.03,121835
1707,0.28,121888
1708,0.58,121942
1709,0.59,121993
1710,0.11,122045
1711,-0.37,122100
1712,-0.01,122154
1713,0.32,122208
1714,0.41,122262
1715,0.5,122315
1716,0.32,122367
1717,0.13,122421
1718,0.13,122475
1719,0.27,122530
1720,0.39,122585
1721,0.18,122639
1722,-0.05,122694
1723,-0.39,122751
1724,-0.75,122809
1725,-0.3,122868
1726,-0.09,122927
1727,-0.32,122985
1728,-0.41,123043
1729,-0.51,123103
1730,-0.24,123163
1731,0.05,123221
1732,0.54,123280
1733,1.02,123334
1734,0.63,123389
1735,0.22,123445
1736,0.27,123502
1737,0.34,123559
1738,0.25,123617
1739,0.16,123675
1740,0.44,123733
1741,0.71,123790
1742,0.72,123847
1743,0.62,123904
1744,0.51,123961
1745,0.4,124019
1746,1.07,124077
1747,1.24,124133
1748,0.59,124188
1749,0.6,124247
1750,0.6,124305
1751,0.5,124364
1752,0.4,124422
1753,0.5,124481
1754,0.58,124541
1755,0.62,124599
1756,0.65,124658
1757,0.62,124716
1758,0.6,124775
1759,0.6,124833
1760,0.65,124892
1761,0.27,124952
1762,-0.14,125012
1763,0.04,125075
1764,0.24,125137
1765,0.47,125198
1766,0.69,125259
1767,0.95,125318
1768,1.22,125377
1769,0.92,125435
1770,0.61,125493
1771,0.82,125552
1772,1.02,125612
1773,1.07,125671
1774,1.11,125729
1775,0.76,125788
1776,0.43,125847
1777,0.45,125908
1778,0.53,125970
1779,0.61,126031
1780,0.55,126091
1781,0.47,126152
1782,0.38,126214
1783,0.28,126276
1784,0.17,126338
1785,0.53,126400
1786,1.03,126462
1787,1,126521
1788,0.97,126580
1789,0.93,126640
1790,0.9,126700
1791,1.26,126759
1792,1.61,126818
1793,1.93,126875
1794,2.5,126931
1795,2.74,126984
1796,2.07,127037
1797,1.41,127093
1798,1.73,127150
1799,2.07,127206
1800,2.06,127262
1801,2.05,127317
1802,2.04,127372
1803,2.13,127427
1804,2.22,127482
1805,2.33,127535
1806,2.44,127589
1807,2.44,127642
1808,2.46,127695
1809,2.37,127747
1810,2.29,127800
1811,2.4,127853
1812,2.52,127905
1813,2.37,127957
1814,2.22,128010
1815,2.43,128062
1816,2.58,128114
1817,2.49,128166
1818,2.16,128217
1819,2.06,128270
1820,2.26,128323
1821,2.49,128375
1822,2.72,128426
1823,2.7,128477
1824,2.68,128527
1825,2.5,128577
1826,2.78,128628
1827,3.23,128677
1828,3.16,128726
1829,3.08,128774
1830,3.06,128822
1831,2.71,128871
1832,2.37,128920
1833,2.11,128971
1834,1.87,129022
1835,2.16,129074
1836,2.45,129126
1837,2.2,129177
1838,1.96,129227
1839,1.7,129280
1840,1.44,129332
1841,1.42,129386
1842,1.39,129440
1843,1.83,129493
1844,2.25,129546
1845,2.52,129596
1846,2.78,129645
1847,2.2,129694
1848,0.67,129743
1849,-0.31,129802
1850,0.56,129861
1851,1.42,129916
1852,1.78,129971
1853,2.16,130022
1854,1.95,130073
1855,1.73,130124
1856,1.6,130176
1857,1.31,130229
1858,1.14,130282
1859,1.47,130336
1860,1.81,130390
1861,1.79,130441
1862,1.24,130493
1863,0.68,130549
1864,0.88,130604
1865,0.84,130660
1866,0.59,130716
1867,0.57,130773
1868,0.53,130830
1869,0.4,130888
1870,0.24,130946
1871,0.14,131005
1872,-0.13,131064
1873,-0.31,131125
1874,-0.43,131186
1875,-0.54,131248
1876,-0.56,131310
1877,-0.58,131372
1878,-0.79,131435
1879,-0.42,131498
1880,0.16,131561
1881,-0.49,131622
1882,-1.14,131682
1883,-1.54,131750
1884,-1.94,131817
1885,-1.73,131888
1886,-1.51,131958
1887,-1.48,132027
1888,-1.45,132096
1889,-1.87,132167
1890,-2.28,132237
1891,-2.23,132312
1892,-2.48,132386
1893,-2.78,132464
1894,-2.78,132541
1895,-2.6,132619
1896,-2.42,132697
1897,-2.44,132774
1898,-2.52,132851
1899,-2.57,132930
1900,-2.58,133008
1901,-2.58,133086
1902,-2.76,133165
1903,-3.16,133247
1904,-3.36,133329
1905,-3.61,133414
1906,-3.84,133500
1907,-3.69,133588
1908,-3.54,133676
1909,-3.73,133764
1910,-3.93,133851
1911,-3.58,133940
1912,-3.23,134028
1913,-3.23,134113
1914,-3.81,134198
1915,-4.41,134289
1916,-4.46,134380
1917,-4.47,134474
1918,-4.89,134569
1919,-5.28,134668
1920,-5.4,134767
1921,-5.74,134871
1922,-5.93,134974
1923,-6.09,135082
1924,-5.76,135190
1925,-5.74,135295
1926,-6.39,135400
1927,-6.97,135513
1928,-6.9,135626
1929,-6.88,135741
1930,-7.18,135855
1931,-7.26,135973
1932,-7.48,136090
1933,-7.3,136208
1934,-6.83,136325
1935,-6.91,136437
1936,-7.13,136549
1937,-7.33,136664
1938,-7.31,136778
1939,-7.14,136892
1940,-7.51,137006
1941,-7.81,137123
1942,-7.44,137240
1943,-7.39,137354
1944,-7.54,137468
1945,-7.29,137581
1946,-7.51,137694
1947,-7.94,137810
1948,-7.62,137925
1949,-7.5,138038
1950,-7.82,138151
1951,-7.93,138266
1952,-7.98,138382
1953,-7.72,138496
1954,-7.45,138611
1955,-7.47,138720
1956,-7.55,138830
1957,-7.88,138941
1958,-8.51,139052
1959,-8.89,139172
1960,-9.24,139292
1961,-8.94,139415
1962,-8.59,139537
1963,-8.72,139654
1964,-8.67,139771
1965,-8.67,139887
1966,-8.59,140003
1967,-8.3,140117
1968,-8.3,140230
1969,-8.53,140343
1970,-8.4,140455
1971,-8.4,140567
1972,-8.7,140678
1973,-8.86,140793
1974,-8.66,140907
1975,-8.43,141019
1976,-8.64,141131
1977,-8.99,141244
1978,-8.82,141358
1979,-8.34,141469
1980,-8.44,141580
1981,-8.67,141690
1982,-8.6,141801
1983,-8.38,141911
1984,-8.11,142021
1985,-8.59,142129
1986,-8.75,142238
1987,-8.38,142348
1988,-8.31,142459
1989,-8.54,142568
1990,-8.7,142678
1991,-8.58,142790
1992,-8.51,142903
1993,-8.39,143014
1994,-8.54,143126
1995,-8.21,143238
1996,-8.12,143350
1997,-8.36,143462
1998,-8.25,143573
1999,-8.49,143687
2000,-8.73,143801
2001,-8.68,143920
2002,-8.58,144038
2003,-8.41,144156
2004,-8.09,144273
2005,-8.17,144388
2006,-8.31,144503
2007,-8.34,144621
2008,-8.34,144740
2009,-8.65,144861
2010,-8.87,144982
2011,-8.36,145106
2012,-7.95,145230
2013,-8.18,145349
2014,-8.13,145468
2015,-7.71,145587
2016,-7.79,145706
2017,-7.85,145826
2018,-7.93,145945
2019,-8.21,146067
2020,-8.32,146190
2021,-8.19,146316
2022,-7.9,146442
2023,-8,146565
2024,-8.13,146688
2025,-8.31,146815
2026,-8.62,146942
2027,-8.49,147074
2028,-8.34,147205
2029,-8.45,147336
2030,-8.31,147466
2031,-8,147594
2032,-7.99,147722
2033,-7.86,147848
2034,-7.71,147974
2035,-7.82,148098
2036,-7.98,148222
2037,-8.02,148350
2038,-8,148477
2039,-7.88,148604
2040,-7.95,148731
2041,-8.02,148859
2042,-8.02,148987
2043,-8.15,149116
2044,-8.05,149245
2045,-7.97,149374
2046,-8.25,149503
2047,-8.32,149634
2048,-8.47,149766
2049,-8.45,149900
2050,-7.67,150034
2051,-7.52,150158
2052,-7.7,150282
2053,-7.64,150407
2054,-7.84,150532
2055,-7.84,150659
2056,-7.72,150785
2057,-7.62,150910
2058,-7.54,151035
2059,-7.67,151159
2060,-7.52,151283
2061,-7.46,151406
2062,-7.66,151529
2063,-7.64,151654
2064,-7.61,151778
2065,-7.57,151902
2066,-7.34,152026
2067,-7.33,152147
2068,-7.54,152268
2069,-7.34,152390
2070,-6.93,152513
2071,-6.96,152630
2072,-7.43,152747
2073,-7.41,152868
2074,-6.75,152990
2075,-6.61,153104
2076,-6.86,153218
2077,-6.91,153334
2078,-6.91,153450
2079,-7.22,153567
2080,-7.42,153685
2081,-7.38,153806
2082,-7.4,153927
2083,-7.82,154051
2084,-7.89,154174
2085,-7.89,154301
2086,-7.69,154427
2087,-7.77,154552
2088,-8.15,154676
2089,-8.08,154804
2090,-7.86,154933
2091,-7.64,155057
2092,-7.49,155181
2093,-7.67,155303
2094,-7.64,155425
2095,-7.78,155548
2096,-7.68,155670
2097,-7.23,155790
2098,-7.61,155910
2099,-8.06,156033
2100,-8.1,156157
2101,-7.74,156281
2102,-7.62,156404
2103,-7.72,156525
2104,-7.64,156646
2105,-8.14,156768
2106,-7.86,156891
2107,-7.37,157010
2108,-7.85,157130
2109,-9,157257
2110,-8.8,157385
2111,-8.53,157515
2112,-8.84,157645
2113,-8.06,157772
2114,-8.08,157899
2115,-8.21,158023
2116,-8.4,158147
2117,-7.89,158271
2118,-8.37,158395
2119,-8.87,158524
2120,-8.28,158653
2121,-8.5,158779
2122,-9.08,158905
2123,-8.54,159037
2124,-8.17,159168
2125,-8.52,159294
2126,-8.49,159421
2127,-8.55,159549
2128,-8.58,159678
2129,-8.5,159807
2130,-8.59,159936
2131,-7.84,160062
2132,-7.69,160187
2133,-7.91,160309
2134,-7.67,160431
2135,-7.75,160552
2136,-7.93,160673
2137,-6.97,160792
2138,-6.93,160910
2139,-6.63,161022
2140,-7.13,161135
2141,-8.05,161255
2142,-7.62,161376
2143,-7.07,161494
2144,-6.62,161612
2145,-6.72,161723
2146,-5.89,161834
2147,-5.27,161936
2148,-5.63,162037
2149,-6.58,162143
2150,-5.36,162248
2151,-6.27,162351
2152,-6.37,162455
2153,-6.54,162564
2154,-5.94,162673
2155,-6.25,162779
2156,-6.76,162884
2157,-6.67,162996
2158,-6.78,163108
2159,-6.79,163221
2160,-7.4,163333
2161,-6.85,163449
2162,-7.07,163565
2163,-6.79,163679
2164,-7.48,163794
2165,-7.34,163913
2166,-7.52,164032
2167,-7.97,164154
2168,-7.41,164276
2169,-7.38,164395
2170,-7.03,164513
2171,-7.25,164628
2172,-7.18,164744
2173,-6.6,164856
2174,-6.6,164968
2175,-6.22,165075
2176,-5.46,165183
2177,-5.59,165281
2178,-6.6,165380
2179,-6.42,165487
2180,-6.14,165594
2181,-6.52,165699
2182,-7.25,165805
2183,-7.03,165917
2184,-7.05,166029
2185,-7,166140
2186,-6.81,166250
2187,-7.23,166360
2188,-7.39,166469
2189,-7.66,166583
2190,-7.76,166697
2191,-7.58,166811
2192,-8.26,166925
2193,-8.46,167045
2194,-8.57,167164
2195,-8.77,167286
2196,-8.11,167408
2197,-8.29,167523
2198,-8.44,167638
2199,-8.3,167754
2200,-8.31,167869
2201,-7.82,167981
2202,-7.98,168092
2203,-8.17,168202
2204,-8.57,168313
2205,-8.53,168426
2206,-7.97,168540
2207,-8.44,168650
2208,-8.39,168759
2209,-8.12,168869
2210,-8.34,168978
2211,-7.65,169084
2212,-7.9,169191
2213,-7.82,169295
2214,-8.45,169400
2215,-8.25,169509
2216,-7.99,169618
2217,-7.76,169722
2218,-7.96,169826
2219,-7.96,169931
2220,-8.05,170036
2221,-7.89,170142
2222,-7.56,170247
2223,-7.13,170347
2224,-6.65,170448
2225,-6.62,170543
2226,-6.9,170637
2227,-6.71,170734
2228,-6.94,170831
2229,-7.05,170931
2230,-6.59,171030
2231,-6.33,171125
2232,-6.33,171221
2233,-6.29,171315
2234,-5.81,171410
2235,-5.08,171498
2236,-5.83,171586
2237,-6.47,171680
2238,-6.87,171773
2239,-6.61,171872
2240,-7.01,171970
2241,-7.3,172072
2242,-6.71,172174
2243,-6.23,172270
2244,-6.05,172366
2245,-6.85,172462
2246,-7.25,172558
2247,-6.61,172658
2248,-7.01,172758
2249,-7.97,172864
2250,-7,172969
2251,-6.16,173067
2252,-6.27,173165
2253,-7.41,173265
2254,-6.88,173365
2255,-7.08,173466
2256,-7.65,173568
2257,-8.05,173677
2258,-8.15,173786
2259,-8.14,173898
2260,-7.53,174010
2261,-7.56,174116
2262,-7.64,174223
2263,-7.51,174330
2264,-7.72,174436
2265,-7.31,174543
2266,-6.89,174650
2267,-7.11,174753
2268,-6.96,174856
2269,-7.13,174960
2270,-6.3,175064
2271,-5.74,175159
2272,-5.91,175254
2273,-6.86,175353
2274,-6.74,175452
2275,-6.18,175552
2276,-6.02,175651
2277,-5.95,175747
2278,-6.09,175843
2279,-6.27,175941
2280,-5.92,176039
2281,-6.02,176135
2282,-6.14,176231
2283,-6.16,176329
2284,-6.84,176427
2285,-7.25,176533
2286,-6.09,176639
2287,-6.04,176736
2288,-7,176833
2289,-7.22,176940
2290,-7.23,177047
2291,-7.56,177157
2292,-7.33,177266
2293,-7.5,177376
2294,-7.58,177487
2295,-7.54,177599
2296,-7.19,177711
2297,-7.49,177822
2298,-7.08,177933
2299,-7.06,178041
2300,-6.88,178150
2301,-6.92,178257
2302,-7.4,178364
2303,-7.44,178477
2304,-6.94,178590
2305,-7.07,178699
2306,-7.25,178808
2307,-7.64,178922
2308,-8.19,179035
2309,-8.15,179156
2310,-8.28,179277
2311,-8.35,179400
2312,-7.5,179524
2313,-6.77,179635
2314,-6.65,179746
2315,-7,179854
2316,-6.83,179963
2317,-6.08,180068
2318,-5.3,180174
2319,-5.49,180270
2320,-6.39,180367
2321,-6.34,180472
2322,-6.35,180577
2323,-6.28,180681
2324,-6.44,180786
2325,-5.71,180889
2326,-5.64,180992
2327,-5.64,181091
2328,-5.32,181190
2329,-5.73,181288
2330,-6.64,181387
2331,-6.92,181497
2332,-5.8,181606
2333,-6.2,181709
2334,-6.77,181812
2335,-6.71,181923
2336,-6.95,182033
2337,-7.3,182147
2338,-7.87,182261
2339,-8,182385
2340,-7.52,182508
2341,-7.66,182628
2342,-8.08,182749
2343,-7.29,182870
2344,-7.7,182992
2345,-7.77,183116
2346,-8.58,183239
2347,-8.11,183370
2348,-7.64,183501
2349,-8.17,183628
2350,-8.2,183755
2351,-8.08,183885
2352,-7.79,184016
2353,-8.1,184145
2354,-7.37,184274
2355,-7.1,184396
2356,-8.72,184517
2357,-8.21,184654
2358,-7.75,184790
2359,-8.1,184921
2360,-8.23,185052
2361,-7.75,185184
2362,-7.94,185316
2363,-8.72,185453
2364,-8.49,185589
2365,-7.64,185723
2366,-7.9,185857
2367,-7.98,185990
2368,-7.95,186123
2369,-8.14,186257
2370,-7.68,186392
2371,-8.09,186525
2372,-7.94,186658
2373,-7.36,186789
2374,-7.27,186919
2375,-7.75,187049
2376,-8.14,187179
2377,-7.78,187314
2378,-7.42,187450
2379,-7.01,187577
2380,-7.03,187705
2381,-7.87,187835
2382,-7.84,187966
2383,-7.63,188101
2384,-7.92,188236
2385,-7.51,188371
2386,-7.46,188506
2387,-7.1,188638
2388,-6.64,188769
2389,-6.48,188893
2390,-7.08,189016
2391,-7.02,189146
2392,-6.63,189276
2393,-6.02,189399
2394,-6.27,189522
2395,-6.49,189646
2396,-6,189770
2397,-5.61,189889
2398,-4.84,190007
2399,-4.79,190117
2400,-4.72,190227
2401,-4.51,190335
2402,-3.6,190444
2403,-3.68,190544
2404,-4.63,190644
2405,-5.18,190757
2406,-5.35,190869
2407,-5.51,190987
2408,-5.55,191105
2409,-5.36,191224
2410,-5.46,191343
2411,-4.97,191460
2412,-4.83,191578
2413,-5.02,191693
2414,-5.51,191808
2415,-5.85,191931
2416,-6.01,192054
2417,-5.97,192182
2418,-5.35,192309
2419,-5.84,192433
2420,-6.21,192557
2421,-6.28,192689
2422,-6.78,192821
2423,-6.25,192957
2424,-5.68,193093
2425,-5.89,193221
2426,-5.88,193350
2427,-5.63,193478
2428,-5.19,193607
2429,-4.8,193728
2430,-4.53,193849
2431,-4.96,193968
2432,-4.79,194087
2433,-4.23,194204
2434,-5.07,194322
2435,-5.22,194446
2436,-4.9,194570
2437,-4.81,194692
2438,-4.92,194814
2439,-5.48,194941
2440,-5.88,195067
2441,-5.95,195202
2442,-5.78,195337
2443,-5.73,195471
2444,-5.59,195605
2445,-5.72,195738
2446,-5.72,195871
2447,-5.45,196004
2448,-5.37,196136
2449,-4.49,196262
2450,-4.04,196388
2451,-4.86,196509
2452,-5.17,196630
2453,-4.97,196758
2454,-4.79,196886
2455,-4.87,197011
2456,-4.83,197137
2457,-4.3,197260
2458,-4.48,197382
2459,-4.07,197503
2460,-3.85,197623
2461,-3.8,197739
2462,-3.81,197854
2463,-3.68,197969
2464,-3.2,198085
2465,-3.29,198195
2466,-3.08,198306
2467,-2.96,198414
2468,-3.37,198523
2469,-3.84,198636
2470,-3.62,198750
2471,-3.4,198863
2472,-3.63,198976
2473,-3.17,199088
2474,-2.8,199200
2475,-2.95,199308
2476,-2.68,199415
2477,-2.78,199521
2478,-3.07,199627
2479,-2.23,199733
2480,-2.02,199838
2481,-2.42,199940
2482,-2.48,200042
2483,-2.82,200148
2484,-2.84,200253
2485,-2.78,200361
2486,-2.59,200468
2487,-1.9,200570
2488,-1.49,200673
2489,-1.96,200771
2490,-2.11,200869
2491,-1.99,200970
2492,-2.26,201070
2493,-2.08,201172
2494,-2.34,201274
2495,-2.02,201377
2496,-1.53,201479
2497,-2.4,201579
2498,-2.59,201680
2499,-2.51,201786
2500,-2.54,201891
2501,-2.35,201996
2502,-2.29,202101
2503,-2.49,202205
2504,-2.38,202310
2505,-1.98,202412
2506,-1.9,202515
2507,-2.34,202617
2508,-2.56,202719
2509,-2.43,202825
2510,-2.73,202931
2511,-2.92,203040
2512,-3.03,203148
2513,-3.1,203260
2514,-2.71,203371
2515,-2.84,203480
2516,-3.25,203588
2517,-3.17,203701
2518,-2.94,203815
2519,-2.56,203924
2520,-2.78,204033
2521,-3.17,204144
2522,-3.55,204256
2523,-3.69,204374
2524,-3.68,204492
2525,-3.63,204611
2526,-3.95,204730
2527,-4.25,204855
2528,-4.35,204979
2529,-4.45,205107
2530,-4.95,205235
2531,-5.05,205370
2532,-4.67,205506
2533,-4.39,205637
2534,-4.62,205767
2535,-4.65,205900
2536,-4.27,206033
2537,-4.37,206163
2538,-4.29,206294
2539,-4.31,206424
2540,-4.49,206555
2541,-4.37,206688
2542,-4.47,206821
2543,-4.51,206956
2544,-4.11,207091
2545,-4.02,207221
2546,-4.35,207352
2547,-3.7,207483
2548,-3.81,207614
2549,-3.68,207742
2550,-3.59,207871
2551,-3.6,207999
2552,-3.55,208126
2553,-3.7,208255
2554,-3.06,208383
2555,-2.88,208505
2556,-3.17,208628
2557,-3.55,208755
2558,-3.73,208882
2559,-3.48,209012
2560,-3.58,209143
2561,-3.07,209271
2562,-2.51,209399
2563,-2.64,209520
2564,-2.67,209642
2565,-2.91,209766
2566,-2.79,209890
2567,-2.33,210013
2568,-2.14,210136
2569,-2.21,210255
2570,-2.64,210375
2571,-2.67,210500
2572,-2.56,210626
2573,-2.53,210751
2574,-2.28,210876
2575,-2.61,211000
2576,-2.8,211125
2577,-2,211250
2578,-2.03,211375
2579,-1.81,211496
2580,-2.17,211617
2581,-2.07,211740
2582,-2.03,211864
2583,-1.65,211985
2584,-1.63,212107
2585,-2.07,212229
2586,-1.65,212351
2587,-1.5,212471
2588,-1.96,212591
2589,-1.76,212714
2590,-1.67,212838
2591,-1.82,212961
2592,-2.06,213084
2593,-1.45,213207
2594,-1.35,213331
2595,-1.58,213452
2596,-1.5,213573
2597,-1.4,213695
2598,-1.41,213817
2599,-1.61,213940
2600,-1.58,214062
2601,-1.36,214185
2602,-1.29,214308
2603,-1.39,214431
2604,-1.67,214553
2605,-1.4,214677
2606,-1.24,214802
2607,-1.02,214922
2608,-0.91,215043
2609,-1.22,215163
2610,-1.74,215284
2611,-1.45,215410
2612,-1.79,215537
2613,-2.28,215668
2614,-2.39,215800
2615,-2.11,215935
2616,-2.14,216069
2617,-2.1,216203
2618,-1.39,216337
2619,-1.05,216462
2620,-0.97,216587
2621,-1.23,216711
2622,-1.07,216835
2623,-0.86,216959
2624,-1.02,217083
2625,-1.13,217208
2626,-1.2,217334
2627,-1.18,217462
2628,-2.18,217589
2629,-2.04,217728
2630,-1.85,217866
2631,-1.97,218003
2632,-2.08,218141
2633,-2.2,218281
2634,-2.62,218422
2635,-3.23,218573
2636,-3.2,218724
2637,-2.94,218877
2638,-2.9,219031
2639,-2.98,219184
2640,-3.17,219337
2641,-3.35,219495
2642,-2.84,219653
2643,-3.42,219810
2644,-4.37,219967
2645,-4.31,220142
2646,-4.23,220317
2647,-4.43,220493
2648,-4.99,220670
2649,-4.84,220856
2650,-4.35,221042
2651,-4.49,221222
2652,-5.03,221401
2653,-4.89,221590
2654,-4.95,221779
2655,-5.78,221976
2656,-6.19,222172
2657,-6.02,222383
2658,-6.06,222593
2659,-6.21,222806
2660,-7.07,223019
2661,-7.29,223253
2662,-6.49,223487
2663,-6.78,223711
2664,-7.02,223935
2665,-6.89,224165
2666,-7.3,224395
2667,-7.63,224636
2668,-7.6,224877
2669,-7.55,225121
2670,-7.36,225364
2671,-7.64,225605
2672,-7.19,225847
2673,-6.66,226077
2674,-5.89,226307
2675,-6.22,226520
2676,-6.2,226734
2677,-5.88,226948
2678,-4.99,227161
2679,-5.96,227366
2680,-6.59,227571
2681,-5.72,227789
2682,-5.58,228007
2683,-6.17,228222
2684,-6.33,228436
2685,-6.53,228664
2686,-7.04,228891
2687,-7.7,229140
2688,-7.62,229390
2689,-7.19,229644
2690,-7.12,229897
2691,-6.81,230142
2692,-6.5,230387
2693,-6.01,230617
2694,-6.19,230848
2695,-6.81,231085
2696,-7.33,231321
2697,-7.34,231578
2698,-7.19,231835
2699,-7.01,232089
2700,-6.89,232342
2701,-6.71,232589
2702,-6.34,232835
2703,-6.15,233070
2704,-5.85,233305
2705,-6.17,233535
2706,-5.94,233765
2707,-5.96,233994
2708,-6.09,234224
2709,-5.37,234449
2710,-5.15,234674
2711,-5.07,234888
2712,-4.98,235101
2713,-4.93,235312
2714,-4.54,235524
2715,-4.38,235726
2716,-4.21,235929
2717,-4.29,236128
2718,-4.16,236328
2719,-3.91,236524
2720,-3.8,236721
2721,-3.44,236911
2722,-3.66,237101
2723,-3.71,237293
2724,-3.26,237485
2725,-2.87,237669
2726,-2.59,237852
2727,-2.33,238027
2728,-2.78,238202
2729,-2.66,238382
2730,-2.22,238563
2731,-2.22,238737
2732,-2.25,238911
2733,-2.65,239089
2734,-2.77,239267
2735,-2.44,239449
2736,-1.93,239630
2737,-1.92,239803
2738,-2.24,239975
2739,-2.13,240153
2740,-2.11,240330
2741,-1.89,240505
2742,-1.45,240681
2743,-1.4,240849
2744,-1.11,241017
2745,-1.17,241183
2746,-1.15,241348
2747,-0.94,241513
2748,-0.6,241678
2749,0.1,241834
2750,0.16,241990
2751,0.48,242142
2752,0.36,242293
2753,1.03,242443
2754,1.73,242593
2755,1.74,242733
2756,1.99,242874
2757,2.2,243011
2758,2.09,243149
2759,1.9,243288
2760,1.75,243427
2761,1.66,243570
2762,1.55,243713
2763,1.3,243859
2764,1.12,244004
2765,0.99,244153
2766,0.69,244302
2767,0.56,244455
2768,0.46,244607
2769,-0.18,244764
2770,-0.54,244921
2771,-1.29,245089
2772,-1.76,245258
2773,-2.22,245441
2774,-2.12,245623
2775,-2.59,245812
2776,-3.09,246000
2777,-3.43,246202
2778,-3.55,246405
2779,-3.85,246615
2780,-4.17,246825
2781,-4.82,247050
2782,-5.23,247275
2783,-5.8,247521
2784,-6.21,247767
2785,-6.1,248026
2786,-5.86,248286
2787,-5.8,248537
2788,-5.74,248788
2789,-5.65,249035
2790,-5.02,249281
2791,-4.93,249512
2792,-5.18,249743
2793,-5.46,249979
2794,-5.93,250215
2795,-6.38,250468
2796,-6.82,250720
2797,-6.94,250988
2798,-7.02,251256
2799,-7.07,251527
2800,-6.97,251798
2801,-6.72,252064
2802,-6.58,252330
2803,-6.71,252592
2804,-7.19,252854
2805,-7.07,253126
2806,-6.86,253399
2807,-6.83,253665
2808,-6.78,253931
2809,-7.07,254199
2810,-6.92,254467
2811,-6.6,254730
2812,-6.78,254994
2813,-7.13,255260
2814,-7.13,255527
2815,-7.1,255797
2816,-7.36,256066
2817,-7.41,256341
2818,-7.24,256616
2819,-6.76,256880
2820,-6.51,257144
2821,-6.48,257395
2822,-6.11,257646
2823,-6.39,257890
2824,-6.52,258134
2825,-6.17,258378
2826,-5.31,258622
2827,-5.29,258844
2828,-5.72,259066
2829,-6.34,259301
2830,-6.48,259535
2831,-6.5,259774
2832,-6.25,260014
2833,-6.79,260251
2834,-7.16,260488
2835,-6.49,260732
2836,-6.01,260975
2837,-6.55,261211
2838,-7.13,261446
2839,-6.93,261699
2840,-6.88,261952
2841,-6.63,262203
2842,-6.75,262455
2843,-6.45,262711
2844,-5.6,262966
2845,-5.14,263202
2846,-5.41,263438
2847,-5.77,263681
2848,-6.16,263925
2849,-6.39,264187
2850,-6.43,264449
2851,-6.36,264718
2852,-6.69,264987
2853,-6.95,265270
2854,-6.93,265552
2855,-7.13,265845
2856,-7.42,266137
2857,-7.58,266446
2858,-7.7,266755
2859,-7.85,267078
2860,-7.5,267401
2861,-7.67,267724
2862,-8.01,268046
2863,-7.98,268386
2864,-8.09,268725
2865,-8.05,269071
2866,-7.99,269418
2867,-8.3,269770
2868,-8.31,270122
2869,-8.26,270482
2870,-8.52,270842
2871,-8.43,271212
2872,-8.43,271581
2873,-8.19,271946
2874,-8.16,272311
2875,-8.42,272675
2876,-8.3,273038
2877,-8.21,273403
2878,-8.42,273767
2879,-8.13,274131
2880,-8.08,274495
2881,-8.3,274857
2882,-8.53,275220
2883,-7.93,275583
2884,-7.52,275947
2885,-7.86,276292
2886,-7.85,276637
2887,-8.13,276991
2888,-8.57,277346
2889,-7.78,277705
2890,-7.18,278065
2891,-7.61,278396
2892,-7.75,278728
2893,-7.54,279064
2894,-7.66,279401
2895,-7.65,279735
2896,-7.28,280069
2897,-6.86,280383
2898,-6.59,280696
2899,-5.96,280985
2900,-6.61,281274
2901,-6.77,281571
2902,-6.84,281868
2903,-6.65,282163
2904,-6.59,282458
2905,-6.47,282745
2906,-5.95,283032
2907,-6,283303
2908,-5.8,283574
2909,-5.44,283834
2910,-5.3,284094
2911,-5.65,284348
2912,-5.74,284602
2913,-5.65,284857
2914,-4.8,285113
2915,-4.6,285345
2916,-4.9,285577
2917,-4.65,285809
2918,-4.43,286041
2919,-4.35,286264
2920,-4.33,286487
2921,-4.33,286708
2922,-4.55,286929
2923,-4.1,287149
2924,-3.84,287368
2925,-3.8,287579
2926,-3.95,287789
2927,-3.95,288001
2928,-4.13,288213
2929,-3.73,288425
2930,-3.71,288636
2931,-3.53,288842
2932,-3.38,289048
2933,-3.48,289251
2934,-3.62,289453
2935,-3.35,289657
2936,-2.88,289860
2937,-3.01,290055
2938,-3.33,290249
2939,-3.61,290453
2940,-3.95,290656
2941,-4,290869
2942,-4.44,291081
2943,-4.46,291302
2944,-4.44,291523
2945,-4.43,291744
2946,-4.44,291965
2947,-4.67,292188
2948,-5.1,292411
2949,-5.49,292650
2950,-6.17,292889
2951,-6.18,293147
2952,-5.69,293406
2953,-5.3,293651
2954,-5.66,293897
2955,-6.11,294152
2956,-6.5,294406
2957,-6.39,294676
2958,-5.96,294945
2959,-5.67,295202
2960,-5.15,295458
2961,-4.85,295698
2962,-5.22,295939
2963,-5.55,296189
2964,-5.54,296439
2965,-5.95,296698
2966,-6.83,296957
2967,-7.27,297249
2968,-7.3,297541
2969,-7.45,297843
2970,-6.99,298146
2971,-6.57,298436
2972,-6.4,298726
2973,-6.27,299008
2974,-6.1,299290
2975,-6.15,299570
2976,-5.96,299850
2977,-5.62,300125
2978,-5.28,300400
2979,-5.09,300664
2980,-5.68,300928
2981,-5.8,301208
2982,-6.34,301488
2983,-6.5,301788
2984,-6.06,302088
2985,-5.67,302375
2986,-5.56,302663
2987,-6,302951
2988,-6,303239
2989,-5.39,303527
2990,-5.15,303814
2991,-4.65,304085
2992,-4.93,304356
2993,-5.07,304632
2994,-4.62,304907
2995,-4.13,305170
2996,-3.52,305433
2997,-3.46,305678
2998,-3.67,305923
2999,-4.76,306184
3000,-5.22,306445
3001,-5.34,306733
3002,-5.6,307020
3003,-6.06,307322
3004,-5.56,307625
3005,-5.34,307919
3006,-5.13,308212
3007,-4.96,308497
3008,-4.94,308782
3009,-4.57,309062
3010,-4.53,309342
3011,-5.04,309625
3012,-4.92,309908
3013,-4.81,310195
3014,-4.9,310483
3015,-4.7,310773
3016,-4.57,311063
3017,-4.48,311348
3018,-4.2,311634
3019,-3.81,311908
3020,-4.04,312183
3021,-3.69,312454
3022,-3.45,312726
3023,-3.19,312986
3024,-3.08,313247
3025,-3.26,313504
3026,-3.13,313762
3027,-2.97,314017
3028,-3.17,314273
3029,-2.92,314529
3030,-3.32,314785
3031,-2.52,315040
3032,-2.76,315294
3033,-3.64,315555
3034,-3.19,315817
3035,-2.28,316069
3036,-2.04,316321
3037,-1.74,316557
3038,-2.34,316793
3039,-2.88,317044
3040,-3.03,317296
3041,-3.46,317562
3042,-3.88,317827
3043,-4.13,318111
3044,-4.32,318395
3045,-4.82,318694
3046,-5.14,318992
3047,-5.42,319310
3048,-5.54,319628
3049,-5.14,319949
3050,-5.09,320269
3051,-4.72,320579
3052,-4.58,320890
3053,-4.69,321195
3054,-4.41,321501
3055,-4.09,321800
3056,-3.95,322098
3057,-3.86,322390
3058,-3.83,322682
3059,-3.69,322973
3060,-3.39,323263
3061,-3.32,323545
3062,-3.06,323827
3063,-2.78,324101
3064,-2.54,324375
3065,-2.39,324640
3066,-2.33,324905
3067,-2.22,325167
3068,-2.45,325429
3069,-2.35,325694
3070,-2.29,325960
3071,-1.92,326219
3072,-1.79,326479
3073,-1.61,326730
3074,-1.34,326982
3075,-1.38,327227
3076,-1.36,327472
3077,-1.32,327717
3078,-1.1,327963
3079,-0.99,328202
3080,-0.97,328441
3081,-0.64,328676
3082,-0.48,328910
3083,-0.46,329139
3084,-0.51,329367
3085,-0.18,329593
3086,-0.18,329818
3087,-0.33,330043
3088,-0.2,330267
3089,-0.39,330493
3090,-0.42,330719
3091,-0.14,330946
3092,-0.03,331173
3093,0.02,331397
3094,0.2,331620
3095,0.01,331843
3096,0.02,332066
3097,0.16,332290
3098,0.24,332514
3099,0.15,332737
3100,-0.12,332959
3101,-0.18,333188
3102,-0.09,333418
3103,0.38,333643
3104,1.14,333869
3105,1.26,334080
3106,1.66,334290
3107,2.18,334493
3108,2.65,334697
3109,2.85,334890
3110,2.82,335084
3111,3.19,335276
3112,3.18,335468
3113,3.08,335659
3114,3.08,335850
3115,3.14,336040
3116,2.99,336230
3117,2.84,336422
3118,2.86,336614
3119,2.65,336807
3120,2.34,336999
3121,2,337197
3122,1.74,337395
3123,1.59,337596
3124,0.68,337798
3125,0.05,338016
3126,-0.25,338234
3127,-0.96,338463
3128,-1.73,338693
3129,-2.39,338947
3130,-2.41,339200
3131,-2.55,339461
3132,-2.64,339722
3133,-3.03,339988
3134,-3.41,340254
3135,-3.68,340535
3136,-4.21,340816
3137,-4.56,341117
3138,-4.9,341417
3139,-5.11,341734
3140,-5.67,342050
3141,-5.76,342386
3142,-6.06,342722
3143,-6.63,343075
3144,-7.3,343428
3145,-7.86,343819
3146,-8.04,344210
3147,-7.94,344613
3148,-7.93,345016
3149,-7.87,345416
3150,-7.58,345817
3151,-7.28,346205
3152,-7.43,346593
3153,-7.3,346982
3154,-7.42,347372
3155,-7.16,347761
3156,-7.3,348151
3157,-7.4,348546
3158,-6.98,348941
3159,-7.13,349329
3160,-7.44,349717
3161,-6.88,350112
3162,-6.31,350507
3163,-6.26,350879
3164,-6.32,351252
3165,-6.59,351637
3166,-6.64,352022
3167,-6.76,352422
3168,-6.84,352822
3169,-6.43,353228
3170,-6.58,353634
3171,-6.65,354049
3172,-6.76,354463
3173,-6.84,354893
3174,-6.83,355323
3175,-6.92,355765
3176,-7.05,356207
3177,-7.02,356664
3178,-7.32,357122
3179,-7.61,357608
3180,-7.64,358095
3181,-7.64,358602
3182,-7.57,359109
3183,-7.64,359631
3184,-7.77,360154
3185,-7.71,360703
3186,-7.71,361253
3187,-7.46,361815
3188,-7.41,362376
3189,-7.13,362939
3190,-6.94,363501
3191,-7.24,364069
3192,-7.01,364636
3193,-6.58,365202
3194,-6.39,365768
3195,-6.64,366330
3196,-6.41,366891
3197,-5.8,367444
3198,-5.89,367996
3199,-6.05,368553
3200,-6.24,369111
3201,-5.79,369682
3202,-5.9,370253
3203,-6.2,370841
3204,-5.72,371429
3205,-5.84,372019
3206,-6.21,372609
3207,-5.88,373225
3208,-5.4,373841
3209,-5.13,374428
3210,-4.84,375014
3211,-4.86,375589
3212,-4.97,376164
3213,-4.46,376741
3214,-4.03,377318
3215,-4.54,377884
3216,-5.23,378449
3217,-5.42,379075
3218,-5.74,379700
3219,-6.67,380383
3220,-6.58,381066
3221,-6.15,381767
3222,-5.9,382468
3223,-5.66,383132
3224,-5.33,383795
3225,-5.26,384429
3226,-5.08,385062
3227,-4.55,385665
3228,-4.07,386268
3229,-3.27,386809
3230,-2.99,387349
3231,-3.72,387870
3232,-4.29,388390
3233,-4.63,388953
3234,-4.88,389516
3235,-4.68,390083
3236,-4.32,390649
3237,-4.05,391174
3238,-3.72,391698
3239,-2.92,392171
3240,-2.72,392645
3241,-2.5,393078
3242,-3.24,393511
3243,-4.1,393972
3244,-4.54,394433
3245,-5.36,394936
3246,-5.65,395440
3247,-5.46,395964
3248,-5.4,396489
3249,-5.02,396996
3250,-5.07,397503
3251,-5.44,398012
3252,-5.34,398521
3253,-5.36,399033
3254,-5.6,399545
3255,-5.17,400056
3256,-5.31,400567
3257,-5.4,401076
3258,-5.02,401585
3259,-4.23,402063
3260,-3.43,402541
3261,-2.8,402962
3262,-2.54,403383
3263,-2.2,403780
